category,business_name,website,phone,email,logo_url,profile_url,scrape_timestamp,scrape_date
Accountants,Wellden Turnbull,https://www.wtca.co.uk/,01932 868444,info@wtca.co.uk,https://ukbusinessportal.co.uk/wp-content/uploads/2026/05/wellden_turnbull_logo.jpg.webp,https://ukbusinessportal.co.uk/business/wellden-turnbull/,2026-06-10 15:11:37,2026-06-10
Accountants,Elsby & Co,https://www.elsbyandco.co.uk/,01933 312950,help@elsbyandco.co.uk,https://ukbusinessportal.co.uk/wp-content/uploads/2025/12/LOGO-1-e1765381558268.png.webp,https://ukbusinessportal.co.uk/business/elsby-co/,2026-06-10 15:11:37,2026-06-10
Accountants,Hodson & Co,https://www.hodsonandco.co.uk/,01903 238628,info@hodsonandco.co.uk,https://ukbusinessportal.co.uk/wp-content/uploads/2025/12/HodsonLogo.png.webp,https://ukbusinessportal.co.uk/business/hodson-co/,2026-06-10 15:11:37,2026-06-10
Accountants,Rawlinson Pryde & Partners,https://rppaccounts.co.uk/,01234 300500,mail@rppaccounts.co.uk,https://ukbusinessportal.co.uk/wp-content/uploads/2024/05/rawlinson-logo.png.webp,https://ukbusinessportal.co.uk/business/rawlinson-pryde-partners/,2026-06-10 15:11:37,2026-06-10
Accountants,Robson Laidler Accountants,https://www.robson-laidler.co.uk/,0191 281 8191,ba@robson-laidler.co.uk,https://ukbusinessportal.co.uk/wp-content/uploads/2024/02/Robson-Laidler-AccountantsLogo.png.webp,https://ukbusinessportal.co.uk/business/robson-laidler-accountants/,2026-06-10 15:11:37,2026-06-10
Accountants,Gross Klein Wood,https://www.grosskleinwood.co.uk/,01733 311896,info@grosskleinwood.co.uk,https://ukbusinessportal.co.uk/wp-content/uploads/2024/02/Logo-small.png.webp,https://ukbusinessportal.co.uk/business/gross-klein-wood/,2026-06-10 15:11:37,2026-06-10
Advertising & Marketing,County Distribution,https://countydistribution.co.uk/,020 8288 6878,sales@countydistribution.co.uk,https://ukbusinessportal.co.uk/wp-content/uploads/2026/04/county-dist-logo.png.webp,https://ukbusinessportal.co.uk/business/county-distribution/,2026-06-10 15:11:37,2026-06-10
Advertising & Marketing,Digital Plant Pot,https://www.digitalplantpot.co.uk/,07427 63 63 83,anna@digitalplantpot.co.uk,https://ukbusinessportal.co.uk/wp-content/uploads/2025/02/image-320x146-1.png.webp,https://ukbusinessportal.co.uk/business/digital-plant-pot/,2026-06-10 15:11:37,2026-06-10
Advertising & Marketing,Binary Bear,https://www.binary-bear.com/,07490 280294 ,joedoveton@binary-bear.com,https://ukbusinessportal.co.uk/wp-content/uploads/2024/10/66a9063bbd023ebef739d62e_binary-bear-logo-p-500.png.webp,https://ukbusinessportal.co.uk/business/binary-bear/,2026-06-10 15:11:37,2026-06-10
Advertising & Marketing,Pratt Digital,https://prattdigital.com/,01435 515066,hello@prattdigital.com,https://ukbusinessportal.co.uk/wp-content/uploads/2024/09/r0Ice9mO_400x400.jpg.webp,https://ukbusinessportal.co.uk/business/pratt-digital/,2026-06-10 15:11:37,2026-06-10
Advertising & Marketing,SEO Expert Paul Hoda,https://www.paulhoda.uk/,02034882924,office@paulhoda.uk,https://ukbusinessportal.co.uk/wp-content/uploads/2024/05/paul-hoda-seo-logo.jpg.webp,https://ukbusinessportal.co.uk/business/seo-expert-paul-hoda/,2026-06-10 15:11:37,2026-06-10
Advertising & Marketing,Artemis Marketing,https://artemis.marketing/,01444 645018,info@artemis.marketing,https://ukbusinessportal.co.uk/wp-content/uploads/2024/03/artemis.jpg.webp,https://ukbusinessportal.co.uk/business/artemis-marketing/,2026-06-10 15:11:37,2026-06-10
Architects,Dunlop Studios,https://www.dunlopstudios.com/,07935 855727,info@dunlopstudios.com,https://ukbusinessportal.co.uk/wp-content/uploads/2025/03/dunlop-1.jpg.webp,https://ukbusinessportal.co.uk/business/dunlop-studios/,2026-06-10 15:11:37,2026-06-10
Architects,Wish Architects Ltd,https://wisharchitects.co.uk/,0121 751 7866,studio@wisharchitects.co.uk,https://ukbusinessportal.co.uk/wp-content/uploads/2025/03/Wish-Architects.jpg.webp,https://ukbusinessportal.co.uk/business/wish-architects-ltd/,2026-06-10 15:11:37,2026-06-10
Architects,Lynea Architects,https://lynea.co.uk/,01225 255218,info@lynea.co.uk,https://ukbusinessportal.co.uk/wp-content/uploads/2025/03/Lynea-ARchitects-Logo.png.webp,https://ukbusinessportal.co.uk/business/lynea-architects/,2026-06-10 15:11:37,2026-06-10
Asbestos Surveyor,ACM Surveying & Consulting Ltd,https://www.acmsurveying.co.uk/,07793217819,sam@acmsurveying.co.uk,https://ukbusinessportal.co.uk/wp-content/uploads/2025/07/230eac_fba9c6bddbc2451898ac5f73efc3a87amv2-e1751627695824.jpg,https://ukbusinessportal.co.uk/business/acm-surveying-consultancy-ltd/,2026-06-10 15:11:37,2026-06-10
Asbestos Surveyor,Midland EPC,https://midlandepc.co.uk/,024 76 444 111,info@midlandepc.co.uk,https://ukbusinessportal.co.uk/wp-content/uploads/2024/08/a96be49758c3c6dd2cce3f8cfdf016aa.jpg,https://ukbusinessportal.co.uk/business/midland-epc/,2026-06-10 15:11:37,2026-06-10
Bathrooms,Alpinen Daries Plastering,https://adp-plastering.co.uk/,07523 417906,plasteringadp@gmail.com,https://ukbusinessportal.co.uk/wp-content/uploads/2025/09/images-8.png,https://ukbusinessportal.co.uk/business/alpinen-daries-plastering/,2026-06-10 15:11:37,2026-06-10
Bathrooms,The Hub and the Tub,https://www.hubandthetub.net/,01332 842534,Enquiries@hubandthetub.co.uk,https://ukbusinessportal.co.uk/wp-content/uploads/2025/09/The-Hub-and-The-Tub-Kitchen-and-Bathroom-Suppliers-Derby-Website-Logo.png,https://ukbusinessportal.co.uk/business/the-hub-and-the-tub/,2026-06-10 15:11:37,2026-06-10
Bathrooms,BathKitchen Renovation Ltd,https://bathkitchenlondon.com/, 0203 930 3453,Info@BathKitchenLondon.com,https://ukbusinessportal.co.uk/wp-content/uploads/2025/09/495962308_122101612910861850_8812379825920297257_n-scaled.jpg,https://ukbusinessportal.co.uk/business/bathkitchen-renovation-ltd/,2026-06-10 15:11:37,2026-06-10
Bathrooms,Martin Oliver Bathrooms & Wetrooms,https://martinoliverbathrooms.co.uk/,07936915567,info@martinoliverbathrooms.co.uk,https://ukbusinessportal.co.uk/wp-content/uploads/2024/03/301583646_476182357848938_2328126899955172955_n.jpg,https://ukbusinessportal.co.uk/business/martin-oliver-bathrooms-wetrooms/,2026-06-10 15:11:37,2026-06-10
Bathrooms,Newcastle Kitchen & Bedroom Co,https://www.newcastlekitchenandbedroomco.co.uk/,0191 414 7879,info@nkbco.co.uk,https://ukbusinessportal.co.uk/wp-content/uploads/2024/02/nkbco.png,https://ukbusinessportal.co.uk/business/newcastle-kitchen-bedroom-co/,2026-06-10 15:11:37,2026-06-10
Beauty,Beauty Salon Equipment,https://www.beautysalonequipment.co.uk/,01634 565005,info@beautysalonequipment.co.uk,https://ukbusinessportal.co.uk/wp-content/uploads/2025/08/images.png,https://ukbusinessportal.co.uk/business/beauty-salon-equipment/,2026-06-10 15:11:37,2026-06-10
Beauty,The Beauty Island Sanctuary,https://thebeautyisland.co.uk/,01903 206954,info@thebeautyisland.co.uk,https://ukbusinessportal.co.uk/wp-content/uploads/2024/05/300498689_446248474184473_3192920424484768411_n.jpg,https://ukbusinessportal.co.uk/business/the-beauty-island-sanctuary/,2026-06-10 15:11:37,2026-06-10
Beauty,By Rachel Jade,https://www.byracheljade.co.uk/,07581402956,info@byracheljade.co.uk,https://ukbusinessportal.co.uk/wp-content/uploads/2024/03/RachelJade_LOGO_ICON5-ezgif.com-webp-to-jpg-converter.jpg,https://ukbusinessportal.co.uk/business/by-rachel-jade/,2026-06-10 15:11:37,2026-06-10
Blinds & Shutters,Fab Shutters and Blinds,https://fabshuttersandblinds.co.uk/,01702 244698,hello@fabshuttersandblinds.co.uk,https://ukbusinessportal.co.uk/wp-content/uploads/2026/02/IMG_7912.jpeg,https://ukbusinessportal.co.uk/business/fab-shutters-and-blinds/,2026-06-10 15:11:37,2026-06-10
Blinds & Shutters,Shutters by the Sea,https://www.shuttersbythesea.co.uk/,07895 643 430,shuttersbythesea@outlook.com,https://ukbusinessportal.co.uk/wp-content/uploads/2026/02/shutters-by-the-sea.jpg,https://ukbusinessportal.co.uk/business/shutters-by-the-sea/,2026-06-10 15:11:37,2026-06-10
Boiler Maintenance,Allstar Systems,https://www.allstarsystems.co.uk/, 01603 523247,info@allstarsystems.co.uk,https://ukbusinessportal.co.uk/wp-content/uploads/2025/04/allstar-logo.png,https://ukbusinessportal.co.uk/business/allstar-systems/,2026-06-10 15:11:37,2026-06-10
Boiler Maintenance,The Cornish Heating Company,https://cornishheating.co.uk/,07925 000505,info@cornishheating.co.uk,https://ukbusinessportal.co.uk/wp-content/uploads/2024/05/images-1-1.png,https://ukbusinessportal.co.uk/business/the-cornish-heating-company/,2026-06-10 15:11:37,2026-06-10
Boiler Maintenance,Hampshire Heating Services,https://hampshireheatingservices.com/,07446 ﻿978574,contact@hampshireheatingservices.com,https://ukbusinessportal.co.uk/wp-content/uploads/2024/03/logo-black.png,https://ukbusinessportal.co.uk/business/hampshire-heating-services/,2026-06-10 15:11:37,2026-06-10
Boiler Maintenance,XBG Plumbing & Heating,https://xbg-ltd.co.uk/,01903 536 502,enquiry@xbg-ltd.co.uk,https://ukbusinessportal.co.uk/wp-content/uploads/2023/12/xbg_logo.png,https://ukbusinessportal.co.uk/business/xbg-plumbing/,2026-06-10 15:11:37,2026-06-10
Builders,EKEMS Fire & Electrical Services,https://ekems.co.uk/,0333 4444 470,domestic@ekems.co.uk,https://ukbusinessportal.co.uk/wp-content/uploads/2025/11/EKEMS-logo-e1762764037524.jpg.webp,https://ukbusinessportal.co.uk/business/ekems-fire-electrical-services/,2026-06-10 15:11:37,2026-06-10
Builders,KLR Installations,https://klrinstallations.co.uk/,07849 720941,hello@klrinstallations.co.uk,https://ukbusinessportal.co.uk/wp-content/uploads/2025/09/KLR-Installations.png.webp,https://ukbusinessportal.co.uk/business/klr-installations/,2026-06-10 15:11:37,2026-06-10
Builders,Downland Garden Rooms,https://www.downlandgardenrooms.com/,01737 448 070,info@downlandgardenrooms.com,https://ukbusinessportal.co.uk/wp-content/uploads/2025/07/db3170_a329038aa67d478b83d4a7b1f1ce5994mv2.jpg.webp,https://ukbusinessportal.co.uk/business/downland-garden-rooms/,2026-06-10 15:11:37,2026-06-10
Builders,Chichester Builders,https://chichester.builders/,01243 278007,enquiries@chichester.builders,https://ukbusinessportal.co.uk/wp-content/uploads/2025/02/chichester-builders-logo.png.webp,https://ukbusinessportal.co.uk/business/chichester-builders/,2026-06-10 15:11:37,2026-06-10
Builders,SturdyBuild,https://sturdybuild.co.uk/,07903 880105,info@sturdybuild.co.uk,https://ukbusinessportal.co.uk/wp-content/uploads/2024/09/sturdybuild-logo.png.webp,https://ukbusinessportal.co.uk/business/sturdybuild/,2026-06-10 15:11:37,2026-06-10
Builders,Waddington Build & Civils,https://www.waddingtonbuild.com/,01522 721624,rick@waddingtonbuild.com,https://ukbusinessportal.co.uk/wp-content/uploads/2024/07/Live_logo-transparent-300.png.webp,https://ukbusinessportal.co.uk/business/waddington-build-civils/,2026-06-10 15:11:37,2026-06-10
Builders,Simply Loft,https://www.simplyloft.co.uk/,0203 285 7361,info@simplyloft.co.uk,https://ukbusinessportal.co.uk/wp-content/uploads/2024/05/simply-loft-logo.png,https://ukbusinessportal.co.uk/business/simply-loft/,2026-06-10 15:11:37,2026-06-10
Builders,Willmore Phillips,https://www.willmorephillips.co.uk/,07812 043154,neilmacca@icloud.com,https://ukbusinessportal.co.uk/wp-content/uploads/2024/05/LOGOEMAIL3-ezgif.com-webp-to-jpg-converter-e1716562978420.jpg.webp,https://ukbusinessportal.co.uk/business/willmore-phillips/,2026-06-10 15:11:37,2026-06-10
Builders,DJ Moore Lofts,https://www.djmoorelofts.co.uk/,01234 984076,info@djmoorelofts.co.uk,https://ukbusinessportal.co.uk/wp-content/uploads/2024/03/dj-moore-lofts.jpg.webp,https://ukbusinessportal.co.uk/business/dj-moore-lofts/,2026-06-10 15:11:37,2026-06-10
Builders,The Luxury Loft Company,https://theluxuryloftcompany.co.uk/,0191 300 2159,info@theluxuryloftcompany.co.uk,https://ukbusinessportal.co.uk/wp-content/uploads/2024/02/LLC-Transparent-mid-e1517349392326.png,https://ukbusinessportal.co.uk/business/the-luxury-loft-company/,2026-06-10 15:11:37,2026-06-10
Builders,PG Property Repairs & Renovations,https://www.pg-construction.co.uk/,01903 215111,ben@pg-construction.co.uk,https://ukbusinessportal.co.uk/wp-content/uploads/2023/12/PG-Property-Repairs.jpg.webp,https://ukbusinessportal.co.uk/business/pg-property-repairs-renovations/,2026-06-10 15:11:37,2026-06-10
Business Coaching,Eliga Consultancy Services Limited,https://eligaconsultancy.com/,020 7043 0259,info@eligaconsultancy.com,https://ukbusinessportal.co.uk/wp-content/uploads/2025/09/eliga.png,https://ukbusinessportal.co.uk/business/eliga-consultancy-services-limited/,2026-06-10 15:11:37,2026-06-10
Business Coaching,AI Consultant Sussex,https://aiconsultantsussex.co.uk/,07393  868762,Charlie.webb30@gmail.com,https://ukbusinessportal.co.uk/wp-content/uploads/2025/06/shared-image-e1750062480170.jpg,https://ukbusinessportal.co.uk/business/ai-consultant-sussex/,2026-06-10 15:11:37,2026-06-10
Business Coaching,NoLimits Coaching,https://www.nolimitscoaching.info/,07949030428, kelly.nolimitscoaching@gmail.com,https://ukbusinessportal.co.uk/wp-content/uploads/2025/04/6476fdb1ec4ef-1685519793.jpg,https://ukbusinessportal.co.uk/business/nolimits-coaching/,2026-06-10 15:11:37,2026-06-10
Business Coaching,SK LifeCoach UK,https://sklifecoachuk.co.uk/,07939607871,steven@sklifecoachuk.co.uk,https://ukbusinessportal.co.uk/wp-content/uploads/2025/02/SKLifeCoachUK-3.png,https://ukbusinessportal.co.uk/business/sk-lifecoach-uk/,2026-06-10 15:11:37,2026-06-10
Business Coaching,Counselling Companion,https://counsellingcompanion.co.uk/,07584 106577,julia@counsellingcompanion.co.uk,https://ukbusinessportal.co.uk/wp-content/uploads/2025/01/Counsellingcompanionlong.png,https://ukbusinessportal.co.uk/business/counselling-companion/,2026-06-10 15:11:37,2026-06-10
Car Repair,DD Valeting,https://ddmv.co.uk/,07493967666,ddvaleting25@gmail.com,https://ukbusinessportal.co.uk/wp-content/uploads/2026/06/DD-Valeting-Logo.png.webp,https://ukbusinessportal.co.uk/business/dd-valeting/,2026-06-10 15:11:37,2026-06-10
Car Repair,Basingstoke MOT & Servicing Centre,https://mot-basingstoke.co.uk/,01256 321 012,sales@mot-basingstoke.co.uk,https://ukbusinessportal.co.uk/wp-content/uploads/2026/05/Basingstoke-MOT-Logo.png.webp,https://ukbusinessportal.co.uk/business/basingstoke-mot-servicing-centre/,2026-06-10 15:11:37,2026-06-10
Car Repair,Windscreen Express,https://www.windscreenexpress.com/,01903 239862,neil@windscreenexpress.com,https://ukbusinessportal.co.uk/wp-content/uploads/2026/03/Windscreen-Express-PNG-300x120-1.png.webp,https://ukbusinessportal.co.uk/business/windscreen-express/,2026-06-10 15:11:37,2026-06-10
Car Repair,John Haynes Mercedes,https://www.john-haynes.com/,01903 500 000,service@john-haynes.com,https://ukbusinessportal.co.uk/wp-content/uploads/2025/12/logo1-e1765381605498.png.webp,https://ukbusinessportal.co.uk/business/john-haynes-mercedes/,2026-06-10 15:11:37,2026-06-10
Car Repair,Out and About Campers,https://outandaboutcampers.co.uk/,01273 257860,hello@outandaboutcampers.co.uk,https://ukbusinessportal.co.uk/wp-content/uploads/2025/05/New-Square-Logo-e1746700056365.jpg.webp,https://ukbusinessportal.co.uk/business/out-and-about-campers/,2026-06-10 15:11:37,2026-06-10
Car Repair,Dominion Garage,https://www.dominion-garage.co.uk/,01903 964526,info@dominiongarage.co.uk,https://ukbusinessportal.co.uk/wp-content/uploads/2025/02/dominion.png.webp,https://ukbusinessportal.co.uk/business/dominion-garage/,2026-06-10 15:11:37,2026-06-10
Car Repair,Tyreserve North East,https://www.tyreservenortheast.co.uk/,0191 386 8122,info@tyreservenortheast.co.uk,https://ukbusinessportal.co.uk/wp-content/uploads/2024/04/logo-01-1920w.png,https://ukbusinessportal.co.uk/business/tyreserve-north-east/,2026-06-10 15:11:37,2026-06-10
Car Repair,Motor-Sense,https://www.motor-sense.co.uk/,01903 823880,info@motor-sense.co.uk,https://ukbusinessportal.co.uk/wp-content/uploads/2024/01/professional-car-servicing-in-Worthing.jpg.webp,https://ukbusinessportal.co.uk/business/motor-sense/,2026-06-10 15:11:37,2026-06-10
Car Sales,Premier GT Ltd,https://www.premiergt.com/,01903 254800,sales@premiergt.com,https://ukbusinessportal.co.uk/wp-content/uploads/2025/12/For-white-Background-Square-PGT-Logo-scaled.png,https://ukbusinessportal.co.uk/business/premier-gt-ltd/,2026-06-10 15:11:37,2026-06-10
Car Sales,Out and About Campers,https://outandaboutcampers.co.uk/,01273 257860,hello@outandaboutcampers.co.uk,https://ukbusinessportal.co.uk/wp-content/uploads/2025/05/New-Square-Logo-e1746700056365.jpg,https://ukbusinessportal.co.uk/business/out-and-about-campers/,2026-06-10 15:11:37,2026-06-10
Car Sales,Berkshire Sports and Prestige,https://www.berkshiresportsandprestige.co.uk/,01628 666631,sales@berkshiresportsandprestige.co.uk,https://ukbusinessportal.co.uk/wp-content/uploads/2024/04/berkshire-sports-and-prestige.png,https://ukbusinessportal.co.uk/business/berkshire-sports-and-prestige/,2026-06-10 15:11:37,2026-06-10
Car Sales,Southern Car Sales,https://www.southerncarsales.co.uk/,01273 424931,info@southerncarsales.co.uk,https://ukbusinessportal.co.uk/wp-content/uploads/2024/01/southern-car-sales.png,https://ukbusinessportal.co.uk/business/southern-car-sales/,2026-06-10 15:11:37,2026-06-10
Carpenters,Radvan Joinery,https://radvanjoinery.co.uk/, 07774 241056,sam@radvanjoinery.co.uk,https://ukbusinessportal.co.uk/wp-content/uploads/2025/06/radvanjoinery-ezgif.com-webp-to-jpg-converter.jpg,https://ukbusinessportal.co.uk/business/radvan-joinery/,2026-06-10 15:11:37,2026-06-10
Carpenters,JP Carpentry & Construction,https://jpcarpenters.co.uk/, 07463 711904,info@jpcarpenters.co.uk,https://ukbusinessportal.co.uk/wp-content/uploads/2025/03/303268629_737154280789563_7468375825867594140_n.jpg,https://ukbusinessportal.co.uk/business/jp-carpentry-construction/,2026-06-10 15:11:37,2026-06-10
Catering,Wave Staffing,https://www.wavestaffing.co.uk/,01865 416853,contact@wavestaffing.co.uk,https://ukbusinessportal.co.uk/wp-content/uploads/2025/12/wave-staffing-logo.png,https://ukbusinessportal.co.uk/business/wave-staffing/,2026-06-10 15:11:37,2026-06-10
Catering,Cake Deluxe,https://www.cakedeluxe.co.uk/,07949 127301,help@cakedeluxe.co.uk,https://ukbusinessportal.co.uk/wp-content/uploads/2025/05/images-6.png,https://ukbusinessportal.co.uk/business/cake-deluxe/,2026-06-10 15:11:37,2026-06-10
Catering,Simon’s Bakery,https://www.simonsbakery.co.uk/,07549885057,simon@simonsbakery.co.uk,https://ukbusinessportal.co.uk/wp-content/uploads/2024/05/images-2-e1717403291890.png,https://ukbusinessportal.co.uk/business/simons-bakery/,2026-06-10 15:11:37,2026-06-10
Catering,The Party Pigs,https://thepartypigs.co.uk/,07516 594 557,matt@thepartypigs.co.uk,https://ukbusinessportal.co.uk/wp-content/uploads/2024/05/logo2-1.png,https://ukbusinessportal.co.uk/business/the-party-pigs/,2026-06-10 15:11:37,2026-06-10
Catering,Dollybird Cakes,https://dollybirdbakes.co.uk/,01566 451254,Hayley@dollybirdbakes.co.uk,https://ukbusinessportal.co.uk/wp-content/uploads/2024/04/web-logo-01.png,https://ukbusinessportal.co.uk/business/dollybird-cakes/,2026-06-10 15:11:37,2026-06-10
Catering,Oh So Bakery,https://ohsobakery.com/, 0116 3671820,Ohsobakery@outlook.com,https://ukbusinessportal.co.uk/wp-content/uploads/2024/04/326481361_1435100853692237_5286456158206768736_n-e1716563018771.png,https://ukbusinessportal.co.uk/business/oh-so-bakery/,2026-06-10 15:11:37,2026-06-10
Catering,Bon Viveur Catering,https://www.bonviveurcatering.co.uk/,07984 289725,info@bonviveurcatering.co.uk,https://ukbusinessportal.co.uk/wp-content/uploads/2024/04/BVMasterLogonew2.png,https://ukbusinessportal.co.uk/business/bon-viveur-catering/,2026-06-10 15:11:37,2026-06-10
Catering,Kelly’s Cakes,https://www.kellys-cakes.com/,N/A,kellys.cakes@outlook.com,https://ukbusinessportal.co.uk/wp-content/uploads/2024/01/kellycakes-ezgif.com-webp-to-jpg-converter.jpg,https://ukbusinessportal.co.uk/business/kellys-cakes/,2026-06-10 15:11:37,2026-06-10
Catering,The Gorilla Kitchen,https://thegorillakitchen.com/,07748398185,yummy@thegorillakitchen.com,https://ukbusinessportal.co.uk/wp-content/uploads/2023/10/gorilla-kitchen-1.jpg,https://ukbusinessportal.co.uk/business/the-gorilla-kitchen/,2026-06-10 15:11:37,2026-06-10
Charity,The Woodpecker Project,https://www.thewoodpeckerproject.co.uk/,,info@thewoodpeckerproject.co.uk,https://ukbusinessportal.co.uk/wp-content/uploads/2024/06/cropped-cropped-Original-on-Transparent.png,https://ukbusinessportal.co.uk/business/the-woodpecker-project/,2026-06-10 15:11:37,2026-06-10
Charity,Worthing Theatres and Museum,https://wtm.uk/,01903 206206,boxoffice@wtm.uk,https://ukbusinessportal.co.uk/wp-content/uploads/2024/05/0sx85dCT_400x400.jpg,https://ukbusinessportal.co.uk/business/worthing-theatres-and-museum/,2026-06-10 15:11:37,2026-06-10
Chiropractors,Neuro Align Clinic,https://www.neuroalignclinic.co.uk/,02922 520215,Enquiry@neuroalignclinic.co.uk ,https://ukbusinessportal.co.uk/wp-content/uploads/2025/06/Neuro-Align-Clinic-Logo.jpg,https://ukbusinessportal.co.uk/business/neuro-align-clinic/,2026-06-10 15:11:37,2026-06-10
Chiropractors,Health in Hand Chiropractic,https://www.healthinhand.co.uk/,01491 521 500,liz@healthinhand.co.uk,https://ukbusinessportal.co.uk/wp-content/uploads/2025/06/AGV_vUc7s5VsLlBwefCRVjCDxKKMhD4GF-hyRmMzNKNdVUAVUDMKuTKFQ0DusvZ-yyDEYrVkkc2QdPlU6cEJ3NbQVc0a_HC0Zjv3dN0K-_QHQ2oUFrW9GNF8wc2ADT3LoFE9vepPvCrRouhkpUh1RomF1e6NpGCVrgYbEShAGuXJ596_hT-yoPcMdxcs2048.png,https://ukbusinessportal.co.uk/business/health-in-hand-chiropractic/,2026-06-10 15:11:37,2026-06-10
Chiropractors,Nimbus Clinics,https://nimbusclinics.com/,01444 812888,info@nimbusclinics.com,https://ukbusinessportal.co.uk/wp-content/uploads/2025/05/download-2-e1746700974787.png,https://ukbusinessportal.co.uk/business/nimbus-clinics/,2026-06-10 15:11:37,2026-06-10
Cleaning,Blu Diamond Services,https://www.bludiamondservices.com,07742388689,laurence@bludiamondservices.com,https://ukbusinessportal.co.uk/wp-content/uploads/2025/12/Blu-Diamond-services-Logo.png.webp,https://ukbusinessportal.co.uk/business/blu-diamond-services/,2026-06-10 15:11:37,2026-06-10
Cleaning,Reflections Cleaning Services Ltd,https://www.reflectionscleaningservices.co.uk/,01628 635737,info@reflectionscleaningservices.co.uk,https://ukbusinessportal.co.uk/wp-content/uploads/2025/12/ReflectionsSquare-e1765381320622.png.webp,https://ukbusinessportal.co.uk/business/reflections-cleaning-services-ltd/,2026-06-10 15:11:37,2026-06-10
Cleaning,Premium Clean,https://premiumclean.co.uk/,07774 518219,office@premiumclean.co.uk ,https://ukbusinessportal.co.uk/wp-content/uploads/2025/05/unnamed.jpg.webp,https://ukbusinessportal.co.uk/business/premium-clean/,2026-06-10 15:11:37,2026-06-10
Cleaning,C.R. Ventilation Services,https://crventilationservices.co.uk/,07940983538 / 01747 590387,info@crventilationservices.co.uk,https://ukbusinessportal.co.uk/wp-content/uploads/2025/05/20250507_151434-scaled-e1746628037415.jpg.webp,https://ukbusinessportal.co.uk/business/c-r-ventilation-services/,2026-06-10 15:11:37,2026-06-10
Cleaning,Dublcheck Cleaning Glasgow,https://dublcheckcleaningglasgow.co.uk/,0141 370 0504,hello@dublcheckcleaningglasgow.co.uk,https://ukbusinessportal.co.uk/wp-content/uploads/2024/11/vcnvnnvnv-e1731234815665.png.webp,https://ukbusinessportal.co.uk/business/dublcheck-cleaning-glasgow/,2026-06-10 15:11:37,2026-06-10
Cleaning,Eco Angel Cleaning,https://ecoangelcleaning.co.uk/,01392 982880 ,Ecoangelcleaning1@gmail.com,https://ukbusinessportal.co.uk/wp-content/uploads/2024/07/eco-angel-cleaning.png.webp,https://ukbusinessportal.co.uk/business/eco-angel-cleaning/,2026-06-10 15:11:37,2026-06-10
Cleaning,Apex Cleaning & Organising,https://www.apex-cleaning.uk/,07881705640,info@apex-cleaning.uk,https://ukbusinessportal.co.uk/wp-content/uploads/2024/05/apex-cleaning.png.webp,https://ukbusinessportal.co.uk/business/apex-cleaning-organising/,2026-06-10 15:11:37,2026-06-10
Cleaning,We Clean Ltd,https://www.wecleanltd.com/,0121 453 6191,info@wecleanltd.com,https://ukbusinessportal.co.uk/wp-content/uploads/2024/05/images-1.png.webp,https://ukbusinessportal.co.uk/business/we-clean-ltd/,2026-06-10 15:11:37,2026-06-10
Cleaning,Oliver’s Cleaning,https://oliverscleaningltd.co.uk/,07512 855825,info@oliverscleaningltd.co.uk,https://ukbusinessportal.co.uk/wp-content/uploads/2024/04/333108043_943520810113473_5979789073947468819_n.jpg.webp,https://ukbusinessportal.co.uk/business/olivers-cleaning/,2026-06-10 15:11:37,2026-06-10
Cleaning,ClearChoice UK,https://www.clearchoiceuk.com/,01132 711432,info@clearchoiceuk.com,https://ukbusinessportal.co.uk/wp-content/uploads/2024/02/clear-choice-unit-4-8-brown-avenue-brown-lane-trading-estate-leeds-ls11-0ds.png,https://ukbusinessportal.co.uk/business/clearchoice-uk/,2026-06-10 15:11:37,2026-06-10
Cleaning,Why Bother Cleaning,https://www.why-bother.co.uk/,01273 776056,info@why-bother.co.uk,https://ukbusinessportal.co.uk/wp-content/uploads/2024/01/logo-1-1-1.jpg.webp,https://ukbusinessportal.co.uk/business/why-bother-cleaning/,2026-06-10 15:11:37,2026-06-10
Computer Repair,Computer Sorted,https://www.computersorted.com/,07840073230,jordstu8@googlemail.com,https://ukbusinessportal.co.uk/wp-content/uploads/2026/02/2025-02-01.jpg,https://ukbusinessportal.co.uk/business/computer-sorted/,2026-06-10 15:11:37,2026-06-10
Computer Repair,Computer Help,https://computerhelps.co.uk/,0161 792 7683,info@computerhelps.co.uk,https://ukbusinessportal.co.uk/wp-content/uploads/2026/01/6006e7e8-80f5-4fa3-8ce4-4c6c7da1d2de.png,https://ukbusinessportal.co.uk/business/computer-help/,2026-06-10 15:11:37,2026-06-10
Computer Repair,Adams IT Services,https://adams-it.co.uk/,01865 492271,info@adams-it.co.uk,https://ukbusinessportal.co.uk/wp-content/uploads/2024/05/439922770_975026367956774_6838535407815382882_n-e1716969226579.jpg,https://ukbusinessportal.co.uk/business/adams-it-services/,2026-06-10 15:11:37,2026-06-10
Computer Repair,Laptop Workshop,https://www.laptopworkshop.com/,01903 200222,sales@laptopworkshop.com,https://ukbusinessportal.co.uk/wp-content/uploads/2023/12/Tdkanuyn_400x400-e1712937364588.jpg,https://ukbusinessportal.co.uk/business/laptop-workshop/,2026-06-10 15:11:37,2026-06-10
Construction,EKEMS Fire & Electrical Services,https://ekems.co.uk/,0333 4444 470,domestic@ekems.co.uk,https://ukbusinessportal.co.uk/wp-content/uploads/2025/11/EKEMS-logo-e1762764037524.jpg,https://ukbusinessportal.co.uk/business/ekems-fire-electrical-services/,2026-06-10 15:11:37,2026-06-10
Construction,BathKitchen Renovation Ltd,https://bathkitchenlondon.com/, 0203 930 3453,Info@BathKitchenLondon.com,https://ukbusinessportal.co.uk/wp-content/uploads/2025/09/495962308_122101612910861850_8812379825920297257_n-scaled.jpg,https://ukbusinessportal.co.uk/business/bathkitchen-renovation-ltd/,2026-06-10 15:11:37,2026-06-10
Construction,KLR Installations,https://klrinstallations.co.uk/,07849 720941,hello@klrinstallations.co.uk,https://ukbusinessportal.co.uk/wp-content/uploads/2025/09/KLR-Installations.png,https://ukbusinessportal.co.uk/business/klr-installations/,2026-06-10 15:11:37,2026-06-10
Construction,Bonnie Paving and Landscaping,https://www.bonniepavingandlandscaping.co.uk/,07437 016381,bonniepaving@yahoo.com,https://ukbusinessportal.co.uk/wp-content/uploads/2025/08/d8f95c_16f6375e48a248f59fe3a42327be9804mv2.jpg,https://ukbusinessportal.co.uk/business/bonnie-paving-and-landscaping/,2026-06-10 15:11:37,2026-06-10
Construction,Forest Oak Construction,https://forestoakconstruction.co.uk/,07480562612,forestoakconstruction@gmail.com,https://ukbusinessportal.co.uk/wp-content/uploads/2025/08/473365418_10211877316325980_2270198495652444985_n.jpg,https://ukbusinessportal.co.uk/business/forest-oak-construction/,2026-06-10 15:11:37,2026-06-10
Construction,Downland Garden Rooms,https://www.downlandgardenrooms.com/,01737 448 070,info@downlandgardenrooms.com,https://ukbusinessportal.co.uk/wp-content/uploads/2025/07/db3170_a329038aa67d478b83d4a7b1f1ce5994mv2.jpg,https://ukbusinessportal.co.uk/business/downland-garden-rooms/,2026-06-10 15:11:37,2026-06-10
Construction,Hallmark Driveways,https://www.hallmarkdriveways.com/,0131 610 0393,info@hallmarkdriveways.com,https://ukbusinessportal.co.uk/wp-content/uploads/2025/07/Hallmark-Driveways-Logo.png,https://ukbusinessportal.co.uk/business/hallmark-driveways/,2026-06-10 15:11:37,2026-06-10
Construction,Chichester Builders,https://chichester.builders/,01243 278007,enquiries@chichester.builders,https://ukbusinessportal.co.uk/wp-content/uploads/2025/02/chichester-builders-logo.png,https://ukbusinessportal.co.uk/business/chichester-builders/,2026-06-10 15:11:37,2026-06-10
Construction,Granger Flooring Ltd,https://grangerflooring.co.uk/,01903 503977,sales@grangerflooring.co.uk,https://ukbusinessportal.co.uk/wp-content/uploads/2025/02/Granger-Flooring-Final.png,https://ukbusinessportal.co.uk/business/granger-flooring-ltd/,2026-06-10 15:11:37,2026-06-10
Construction,SturdyBuild,https://sturdybuild.co.uk/,07903 880105,info@sturdybuild.co.uk,https://ukbusinessportal.co.uk/wp-content/uploads/2024/09/sturdybuild-logo.png,https://ukbusinessportal.co.uk/business/sturdybuild/,2026-06-10 15:11:37,2026-06-10
Construction,Simply Loft,https://www.simplyloft.co.uk/,0203 285 7361,info@simplyloft.co.uk,https://ukbusinessportal.co.uk/wp-content/uploads/2024/05/simply-loft-logo.png,https://ukbusinessportal.co.uk/business/simply-loft/,2026-06-10 15:11:37,2026-06-10
Construction,Willmore Phillips,https://www.willmorephillips.co.uk/,07812 043154,neilmacca@icloud.com,https://ukbusinessportal.co.uk/wp-content/uploads/2024/05/LOGOEMAIL3-ezgif.com-webp-to-jpg-converter-e1716562978420.jpg,https://ukbusinessportal.co.uk/business/willmore-phillips/,2026-06-10 15:11:37,2026-06-10
Consultancy,Cooden Tax Consulting,https://www.coodentaxconsulting.co.uk/,01424 225345,info@coodentaxconsulting.co.uk,https://ukbusinessportal.co.uk/wp-content/uploads/2025/12/logo.png,https://ukbusinessportal.co.uk/business/cooden-tax-consulting/,2026-06-10 15:11:37,2026-06-10
Consultancy,Envoy Consulting Ltd,https://www.envoyconsultingltd.uk/,020 8087 4647,kmorza@envoyconsultingltd.uk,https://ukbusinessportal.co.uk/wp-content/uploads/2025/10/EnvoyConsultingLogo-ezgif.com-webp-to-jpg-converter-e1762764022373.jpg,https://ukbusinessportal.co.uk/business/envoy-consulting-ltd/,2026-06-10 15:11:37,2026-06-10
Consultancy,Eliga Consultancy Services Limited,https://eligaconsultancy.com/,020 7043 0259,info@eligaconsultancy.com,https://ukbusinessportal.co.uk/wp-content/uploads/2025/09/eliga.png,https://ukbusinessportal.co.uk/business/eliga-consultancy-services-limited/,2026-06-10 15:11:37,2026-06-10
Consultancy,AI Consultant Sussex,https://aiconsultantsussex.co.uk/,07393  868762,Charlie.webb30@gmail.com,https://ukbusinessportal.co.uk/wp-content/uploads/2025/06/shared-image-e1750062480170.jpg,https://ukbusinessportal.co.uk/business/ai-consultant-sussex/,2026-06-10 15:11:37,2026-06-10
Counselling,Joanna Mead Counselling and Psychotherapy,https://www.joannameadtherapy.com/,07913 207181,joanna@joannameadtherapy.com,https://ukbusinessportal.co.uk/wp-content/uploads/2026/04/Joanna-Mead-Logo.png,https://ukbusinessportal.co.uk/business/joanna-mead-counselling-and-psychotherapy/,2026-06-10 15:11:37,2026-06-10
Counselling,Paylor Counselling,https://www.paylor.co/,,andrew@paylor.co,https://ukbusinessportal.co.uk/wp-content/uploads/2026/04/Paylor-Counselling-Logo.png,https://ukbusinessportal.co.uk/business/paylor-counselling/,2026-06-10 15:11:37,2026-06-10
Counselling,Solutions Therapy,https://solutionstherapy.co.uk/,07512 242 543,denise.hopkins@hotmail.co.uk,https://ukbusinessportal.co.uk/wp-content/uploads/2025/10/solutions-therapy-logo-wide.png,https://ukbusinessportal.co.uk/business/solutions-therapy/,2026-06-10 15:11:37,2026-06-10
Counselling,Tamsin Taylor Counselling,https://www.tamsintaylorcounselling.com/, 07379 959992,tamsintaylorcounsellor@gmail.com,https://ukbusinessportal.co.uk/wp-content/uploads/2025/06/1fc2f0_a455ffaa56e34b61bb1e2f14bbfa18e6mv2.gif,https://ukbusinessportal.co.uk/business/tamsin-taylor-counselling/,2026-06-10 15:11:37,2026-06-10
Counselling,Parallax Counselling,https://parallaxcounselling.co.uk/,07341225487,info@parallaxcounselling.co.uk,https://ukbusinessportal.co.uk/wp-content/uploads/2025/06/Parallaxjpg.jpg,https://ukbusinessportal.co.uk/business/parallax-counselling/,2026-06-10 15:11:37,2026-06-10
Counselling,Lisa Murphy Counselling & Hypnotherapy,https://www.cherrytherapies.com/,07912 408830,cherrytherapies@gmail.com,https://ukbusinessportal.co.uk/wp-content/uploads/2025/05/Anxiety-and-Anger-Management-Counselling.jpg,https://ukbusinessportal.co.uk/business/lisa-murphy-counselling-hypnotherapy/,2026-06-10 15:11:37,2026-06-10
Counselling,Pittmain Addiction Therapy,https://www.pittmain.co.uk/,0238 0012619,pittmainaddiction@yahoo.com,https://ukbusinessportal.co.uk/wp-content/uploads/2025/04/PMC-Logo-3.jpg,https://ukbusinessportal.co.uk/business/pittmain-addiction-therapy/,2026-06-10 15:11:37,2026-06-10
Counselling,Counselling Companion,https://counsellingcompanion.co.uk/,07584 106577,julia@counsellingcompanion.co.uk,https://ukbusinessportal.co.uk/wp-content/uploads/2025/01/Counsellingcompanionlong.png,https://ukbusinessportal.co.uk/business/counselling-companion/,2026-06-10 15:11:37,2026-06-10
Counselling,Addiction Counselling – Bradley Riddell,https://addiction-counselling.org.uk/,07914681995,bradrid@gmail.com,https://ukbusinessportal.co.uk/wp-content/uploads/2024/11/addiction-counselling-therapy-2.png,https://ukbusinessportal.co.uk/business/addiction-counselling-bradley-riddell/,2026-06-10 15:11:37,2026-06-10
Counselling,The Wellbourne Clinic,https://thewellbourneclinic.com,03300431715,info@thewellbourneclinic.com,https://ukbusinessportal.co.uk/wp-content/uploads/2024/08/2Asset-6@3x.png,https://ukbusinessportal.co.uk/business/the-wellbourne-clinic/,2026-06-10 15:11:37,2026-06-10
Counselling,Southdowns Psychotherapy,https://www.southdownspsychotherapy.co.uk/,07842 338135,alana@sdpsy.co.uk,https://ukbusinessportal.co.uk/wp-content/uploads/2024/07/southdowns-psychotherapy-logo-2018.png,https://ukbusinessportal.co.uk/business/southdowns-psychotherapy/,2026-06-10 15:11:37,2026-06-10
Dentists,Marylebone Smile Clinic,https://marylebonesmileclinic.co.uk/,020 7126 8526,info@marylebonesmileclinic.co.uk,https://ukbusinessportal.co.uk/wp-content/uploads/2026/02/marl-e1773760121468.png,https://ukbusinessportal.co.uk/business/marylebone-smile-clinic/,2026-06-10 15:11:37,2026-06-10
Dentists,Harley Private Dental,https://www.harleyprivatedental.co.uk/,0114 697 0257,info@harleyprivatedental.co.uk,https://ukbusinessportal.co.uk/wp-content/uploads/2024/07/harley-dental.jpg,https://ukbusinessportal.co.uk/business/harley-private-dental/,2026-06-10 15:11:37,2026-06-10
Dentists,Newcastle Dental Care,https://www.newcastledentalcare.co.uk/,0191-2324284,enquiries@newcastledentalcare.co.uk,https://ukbusinessportal.co.uk/wp-content/uploads/2024/03/NDC.jpg,https://ukbusinessportal.co.uk/business/newcastle-dental-care/,2026-06-10 15:11:37,2026-06-10
Dentists,TwentyOneDental,https://twentyonedental.co.uk/,01273 202 102,hello@twentyonedental.co.uk,https://ukbusinessportal.co.uk/wp-content/uploads/2024/01/1611920868472.jpg,https://ukbusinessportal.co.uk/business/twenty-one-dental/,2026-06-10 15:11:37,2026-06-10
Driveways & Paving Contractors,Bonnie Paving and Landscaping,https://www.bonniepavingandlandscaping.co.uk/,07437 016381,bonniepaving@yahoo.com,https://ukbusinessportal.co.uk/wp-content/uploads/2025/08/d8f95c_16f6375e48a248f59fe3a42327be9804mv2.jpg,https://ukbusinessportal.co.uk/business/bonnie-paving-and-landscaping/,2026-06-10 15:11:37,2026-06-10
Driveways & Paving Contractors,Hallmark Driveways,https://www.hallmarkdriveways.com/,0131 610 0393,info@hallmarkdriveways.com,https://ukbusinessportal.co.uk/wp-content/uploads/2025/07/Hallmark-Driveways-Logo.png,https://ukbusinessportal.co.uk/business/hallmark-driveways/,2026-06-10 15:11:37,2026-06-10
Driving Instructors,Genesis School of Motoring,https://www.genesissom.com/,07870 320017,info@genesissom.co.uk,https://ukbusinessportal.co.uk/wp-content/uploads/2025/07/Genesis-School-of-Motoring-Logo.png.webp,https://ukbusinessportal.co.uk/business/genesis-school-of-motoring/,2026-06-10 15:11:37,2026-06-10
Driving Instructors,Drive 4 Pass,https://www.drive4pass.co.uk/,0333 335 7000,asif@drive4pass.co.uk,https://ukbusinessportal.co.uk/wp-content/uploads/2025/06/drive-4-pass-logo.jpg.webp,https://ukbusinessportal.co.uk/business/drive-4-pass/,2026-06-10 15:11:37,2026-06-10
Driving Instructors,Less Gears,https://www.lessgears.co.uk/,07789 351 358,info@lessgears.co.uk,https://ukbusinessportal.co.uk/wp-content/uploads/2025/06/LessGears_Logo_Black_XL-ezgif.com-avif-to-jpg-converter.jpg.webp,https://ukbusinessportal.co.uk/business/less-gears/,2026-06-10 15:11:37,2026-06-10
Driving Instructors,Frank Judah Driver Training,https://www.frankjudah.co.uk/,07812 748926,frankjudah@hotmail.com,https://ukbusinessportal.co.uk/wp-content/uploads/2024/11/292178954_711777093196597_6475126244027755162_n-1.jpg.webp,https://ukbusinessportal.co.uk/business/frank-judah-driver-training/,2026-06-10 15:11:37,2026-06-10
Driving Instructors,Geoff’s Driving School,https://geoffsdrivingschool.co.uk/,07894509820,browngeoff122@gmail.com,https://ukbusinessportal.co.uk/wp-content/uploads/2024/04/geoffs-driving-school.png.webp,https://ukbusinessportal.co.uk/business/geoffs-driving-school/,2026-06-10 15:11:37,2026-06-10
Driving Instructors,BeWise Driving School,https://www.bewisedriving.co.uk/,07505866740,help@bewisedriving.co.uk,https://ukbusinessportal.co.uk/wp-content/uploads/2024/01/logobewise-ezgif.com-webp-to-jpg-converter.jpg.webp,https://ukbusinessportal.co.uk/business/bewise-driving-school/,2026-06-10 15:11:37,2026-06-10
Education,Fitness Education Online,https://fitnesseducationonline.co.uk,020 3051 2212,uk@fitnesseducationonline.com,https://ukbusinessportal.co.uk/wp-content/uploads/2025/05/465563667_1099678551639366_1656356002767437019_n.jpg,https://ukbusinessportal.co.uk/business/fitness-education-online/,2026-06-10 15:11:37,2026-06-10
Education,Storm Fitness Academy,https://www.stormfitnessacademy.co.uk/,01273 613014,team@stormfitnessacademy.co.uk,https://ukbusinessportal.co.uk/wp-content/uploads/2025/02/storm-fitness-academy-woodingdean.png,https://ukbusinessportal.co.uk/business/storm-fitness-academy/,2026-06-10 15:11:37,2026-06-10
Education,Open College UK Limited,https://www.opencollege.info/all-courses/distance-courses/,01527875497,customersupport@opencollege.info,https://ukbusinessportal.co.uk/wp-content/uploads/2024/07/open-college-uk-limited-courses.jpg,https://ukbusinessportal.co.uk/business/open-college-uk-limited/,2026-06-10 15:11:37,2026-06-10
Electricians,EKEMS Fire & Electrical Services,https://ekems.co.uk/,0333 4444 470,domestic@ekems.co.uk,https://ukbusinessportal.co.uk/wp-content/uploads/2025/11/EKEMS-logo-e1762764037524.jpg.webp,https://ukbusinessportal.co.uk/business/ekems-fire-electrical-services/,2026-06-10 15:11:37,2026-06-10
Electricians,Solsure Electrical,https://solsure.co.uk/,07722413525,info@solsure.co.uk,https://ukbusinessportal.co.uk/wp-content/uploads/2025/07/cropped-NewUpdatedFile-3-scaled-1.png.webp,https://ukbusinessportal.co.uk/business/solsure-electrical/,2026-06-10 15:11:37,2026-06-10
Electricians,Beales Electrical,https://beales-electrical.co.uk/,020 8133 1234,hello@beales-electrical.co.uk,https://ukbusinessportal.co.uk/wp-content/uploads/2025/07/9cec336c62194be774faac8e84772660.png.webp,https://ukbusinessportal.co.uk/business/beales-electrical/,2026-06-10 15:11:37,2026-06-10
Electricians,Pegrum Electrical Ltd,https://www.pegrumelectricalltd.co.uk/,01245 822847,info@pegrumelectricalltd.co.uk,https://ukbusinessportal.co.uk/wp-content/uploads/2025/07/914c33_3383c70d80d34074bdf6abf494582983mv2.jpg.webp,https://ukbusinessportal.co.uk/business/pegrum-electrical-ltd/,2026-06-10 15:11:37,2026-06-10
Electricians,DX Electrical,https://dxelectrical.com/,07811 118628,dave@dxelectrical.com,https://ukbusinessportal.co.uk/wp-content/uploads/2025/06/305497470_383646453939808_5073147054996893654_n.jpg.webp,https://ukbusinessportal.co.uk/business/dx-electrical/,2026-06-10 15:11:37,2026-06-10
Electricians,AXO Electrical Contractors,https://www.axoelectrical.com/,07585172756,info@axoelectrical.com,https://ukbusinessportal.co.uk/wp-content/uploads/2025/06/487324097_122104878014821195_9052323311554779022_n.jpg.webp,https://ukbusinessportal.co.uk/business/axo-electrical-contractors/,2026-06-10 15:11:37,2026-06-10
Electricians,Blackpool & Fylde Electrical Services Limited,https://www.bfesltd.com/,01253 364101,info.bfesltd@gmail.com,https://ukbusinessportal.co.uk/wp-content/uploads/2025/06/476611063_9583733831666123_4626138710294236666_n.jpg.webp,https://ukbusinessportal.co.uk/business/blackpool-fylde-electrical-services-limited/,2026-06-10 15:11:37,2026-06-10
Electricians,Durham Electrics and Fire,https://www.durhamelectrics.co.uk/,0191 301 7233,sales@durhamelectrics.co.uk,https://ukbusinessportal.co.uk/wp-content/uploads/2025/06/durham.png.webp,https://ukbusinessportal.co.uk/business/durham-electrics-and-fire/,2026-06-10 15:11:37,2026-06-10
Entertainment,Wave Staffing,https://www.wavestaffing.co.uk/,01865 416853,contact@wavestaffing.co.uk,https://ukbusinessportal.co.uk/wp-content/uploads/2025/12/wave-staffing-logo.png,https://ukbusinessportal.co.uk/business/wave-staffing/,2026-06-10 15:11:37,2026-06-10
Entertainment,Sunrise Electricify,https://www.sunriseelectrify.com/,0208 058 3037,EdwardElectrify1@proton.me   ,https://ukbusinessportal.co.uk/wp-content/uploads/2024/11/Sunrise-Electrify-Global-Logo-black.jpg,https://ukbusinessportal.co.uk/business/sunrise-electricify/,2026-06-10 15:11:37,2026-06-10
Entertainment,Worthing Theatres and Museum,https://wtm.uk/,01903 206206,boxoffice@wtm.uk,https://ukbusinessportal.co.uk/wp-content/uploads/2024/05/0sx85dCT_400x400.jpg,https://ukbusinessportal.co.uk/business/worthing-theatres-and-museum/,2026-06-10 15:11:37,2026-06-10
Entertainment,Alexandra Theatre Birmingham,https://www.londontheatre1.com/theatre/alexandra-theatre-birmingham/,,admin@londontheatre1.com,https://ukbusinessportal.co.uk/wp-content/uploads/2024/05/Londtheatre1-Logo.jpg,https://ukbusinessportal.co.uk/business/alexandra-theatre-birmingham/,2026-06-10 15:11:37,2026-06-10
Entertainment,The Lift Escape Rooms,https://theliftbrighton.com/, 01273 011025,info@theliftbrighton.com,https://ukbusinessportal.co.uk/wp-content/uploads/2024/01/Screenshot-2024-01-24-194346.png,https://ukbusinessportal.co.uk/business/the-lift-escape-rooms/,2026-06-10 15:11:37,2026-06-10
Estate & Letting Agents,Hudsons Property,https://www.hudsonsproperty.com/,020 7323 2277,hello@hudsonsproperty.com,https://ukbusinessportal.co.uk/wp-content/uploads/2026/01/Logo_400x400.jpg,https://ukbusinessportal.co.uk/business/hudsons-property/,2026-06-10 15:11:37,2026-06-10
Estate & Letting Agents,Seths Estate Agents,https://www.seths.co.uk/,0116 266 9977,sales@seths.co.uk,https://ukbusinessportal.co.uk/wp-content/uploads/2024/04/logo2.png,https://ukbusinessportal.co.uk/business/seths-estate-agents/,2026-06-10 15:11:37,2026-06-10
Estate & Letting Agents,Turner Scott Lettings,https://www.turnerscott.co.uk/,01539 736 999,lettings@turnerscott.co.uk,https://ukbusinessportal.co.uk/wp-content/uploads/2024/04/turner-scott-logo.png,https://ukbusinessportal.co.uk/business/turner-scott-lettings/,2026-06-10 15:11:37,2026-06-10
Estate & Letting Agents,Clive Pearce Property,https://www.clivepearceproperty.com/,01872 272622,hello@clivepearceproperty.com,https://ukbusinessportal.co.uk/wp-content/uploads/2024/03/clive-pearce-logo.png,https://ukbusinessportal.co.uk/business/clive-pearce-property/,2026-06-10 15:11:37,2026-06-10
Estate & Letting Agents,Firmin & Co,https://www.firminandco.co.uk/,01733 242606,hampton@firminandco.co.uk,https://ukbusinessportal.co.uk/wp-content/uploads/2024/02/weblogo.png,https://ukbusinessportal.co.uk/business/firmin-co/,2026-06-10 15:11:37,2026-06-10
Estate & Letting Agents,Equity Estate Agents,https://www.equityestateagents.com/,0208 367 7999,sales@equityestateagents.com,https://ukbusinessportal.co.uk/wp-content/uploads/2024/01/equity-estate-agents.png,https://ukbusinessportal.co.uk/business/equity-estate-agents/,2026-06-10 15:11:37,2026-06-10
Financial Adviser,PFM Associates,https://www.pfmassociates.co.uk/,01202 673456,advice@pfmassociates.co.uk,https://ukbusinessportal.co.uk/wp-content/uploads/2026/06/pfm-associates-unbranded-logo_c4e7.jpg,https://ukbusinessportal.co.uk/business/pfm-associates/,2026-06-10 15:11:37,2026-06-10
Financial Adviser,Christina Clegg Financial Planning Services,https://ccfps.co.uk/,01282 614 444,enquiries@ccfps.co.uk,https://ukbusinessportal.co.uk/wp-content/uploads/2026/06/CCFPS-Logo-2025.png,https://ukbusinessportal.co.uk/business/christina-clegg-financial-planning-services/,2026-06-10 15:11:37,2026-06-10
Financial Adviser,Beach IFA,https://beachifa.co.uk/,01743 720 075,admin@beachifa.co.uk,https://ukbusinessportal.co.uk/wp-content/uploads/2026/01/logo-download.png,https://ukbusinessportal.co.uk/business/beach-ifa/,2026-06-10 15:11:37,2026-06-10
Financial Adviser,RLV Mortgages Limited,https://www.rlvmortgages.co.uk/,0800 112 3766,info@rlvmortgages.co.uk,https://ukbusinessportal.co.uk/wp-content/uploads/2025/09/RLV-Logo.jpg,https://ukbusinessportal.co.uk/business/rlv-mortgages-limited/,2026-06-10 15:11:37,2026-06-10
Financial Adviser,Clear IFA Limited,https://www.clearifa.com/,01268 710720,info@clearifa.com,https://ukbusinessportal.co.uk/wp-content/uploads/2025/09/avatar1-e1762764097589.jpg,https://ukbusinessportal.co.uk/business/clear-ifa-limited/,2026-06-10 15:11:37,2026-06-10
Florists,Petal’e Flower Boutique,https://www.petaleflowerboutique.com/,07963320999,info@petaleflowerboutique.com,https://ukbusinessportal.co.uk/wp-content/uploads/2026/02/petal-e-flower-boutique.png.webp,https://ukbusinessportal.co.uk/business/petale-flower-boutique/,2026-06-10 15:11:37,2026-06-10
Furniture,Patina Sofas,https://www.patinasofas.com/,07856 902 447,info@patinasofas.com,https://ukbusinessportal.co.uk/wp-content/uploads/2025/12/patina-ezgif.com-webp-to-jpg-converter.jpg,https://ukbusinessportal.co.uk/business/patina-sofas/,2026-06-10 15:11:37,2026-06-10
Furniture,Beauty Salon Equipment,https://www.beautysalonequipment.co.uk/,01634 565005,info@beautysalonequipment.co.uk,https://ukbusinessportal.co.uk/wp-content/uploads/2025/08/images.png,https://ukbusinessportal.co.uk/business/beauty-salon-equipment/,2026-06-10 15:11:37,2026-06-10
Furniture,Outback 365,https://www.outback365.co.uk/,028 874 70303,info@outback365.co.uk,https://ukbusinessportal.co.uk/wp-content/uploads/2025/05/LOGO.png,https://ukbusinessportal.co.uk/business/outback-365/,2026-06-10 15:11:37,2026-06-10
Garage Doors,Best Roller Garage Doors,https://www.bestrollergaragedoors.co.uk/,01737 307320,info@bestrollergaragedoors.co.uk,https://ukbusinessportal.co.uk/wp-content/uploads/2025/09/BRGD-Logo-square2-10-e1756730846305.png,https://ukbusinessportal.co.uk/business/best-roller-garage-doors/,2026-06-10 15:11:37,2026-06-10
Garage Doors,CDC Garage Doors,https://www.cdcgaragedoors.co.uk/,01342 645 486,info@thecorporatedoorcompany.co.uk,https://ukbusinessportal.co.uk/wp-content/uploads/2025/08/cdc-logo.png,https://ukbusinessportal.co.uk/business/cdc-garage-doors/,2026-06-10 15:11:37,2026-06-10
Garage Doors,Wessex Garage Doors,https://www.wessexgaragedoors.co.uk/,01737 309103,info@wessexgaragedoors.co.uk,https://ukbusinessportal.co.uk/wp-content/uploads/2025/05/New-Logo-e1746699984317.jpg,https://ukbusinessportal.co.uk/business/wessex-garage-doors/,2026-06-10 15:11:37,2026-06-10
Gardeners,We Love Plants,https://www.we-love-plants.co.uk/,01883 744020,hello@weloveplants.co.uk,https://ukbusinessportal.co.uk/wp-content/uploads/2026/04/We-love-Plants-Logo.jpg,https://ukbusinessportal.co.uk/business/we-love-plants/,2026-06-10 15:11:37,2026-06-10
Gardeners,Gardens of Distinction,https://www.gardensofdistinction.uk/,07884 093117,damian@gardensofdistinction.uk,https://ukbusinessportal.co.uk/wp-content/uploads/2025/11/Gardens-e1765381656326.png,https://ukbusinessportal.co.uk/business/gardens-of-distinction/,2026-06-10 15:11:37,2026-06-10
Gardeners,Turf Supplies Essex,https://turfsuppliesessex.co.uk/,07394394155,contact@turfsuppliesessex.co.uk,https://ukbusinessportal.co.uk/wp-content/uploads/2025/10/Turf-Supplies-Essex-Logo-ezgif.com-webp-to-jpg-converter.jpg,https://ukbusinessportal.co.uk/business/turf-supplies-essex/,2026-06-10 15:11:37,2026-06-10
Gardeners,Bonnie Paving and Landscaping,https://www.bonniepavingandlandscaping.co.uk/,07437 016381,bonniepaving@yahoo.com,https://ukbusinessportal.co.uk/wp-content/uploads/2025/08/d8f95c_16f6375e48a248f59fe3a42327be9804mv2.jpg,https://ukbusinessportal.co.uk/business/bonnie-paving-and-landscaping/,2026-06-10 15:11:37,2026-06-10
Hairdressers,Beauty Salon Equipment,https://www.beautysalonequipment.co.uk/,01634 565005,info@beautysalonequipment.co.uk,https://ukbusinessportal.co.uk/wp-content/uploads/2025/08/images.png,https://ukbusinessportal.co.uk/business/beauty-salon-equipment/,2026-06-10 15:11:37,2026-06-10
Health & Wellbeing,Linda King Coaching,https://www.lindakingcoaching.co.uk/,07345 585031,linda@lindakingcoaching.co.uk,https://ukbusinessportal.co.uk/wp-content/uploads/2026/01/linda-king-coaching.jpg,https://ukbusinessportal.co.uk/business/linda-king-coaching/,2026-06-10 15:11:37,2026-06-10
Health & Wellbeing,Sunrise Electricify,https://www.sunriseelectrify.com/,0208 058 3037,EdwardElectrify1@proton.me   ,https://ukbusinessportal.co.uk/wp-content/uploads/2024/11/Sunrise-Electrify-Global-Logo-black.jpg,https://ukbusinessportal.co.uk/business/sunrise-electricify/,2026-06-10 15:11:37,2026-06-10
Health & Wellbeing,Universal Safety Practitioners,https://universal-safety.co.uk/,01903 942996,info@universal-safety.co.uk,https://ukbusinessportal.co.uk/wp-content/uploads/2025/06/Logo.png,https://ukbusinessportal.co.uk/business/universal-safety-practitioners/,2026-06-10 15:11:37,2026-06-10
Health & Wellbeing,NoLimits Coaching,https://www.nolimitscoaching.info/,07949030428, kelly.nolimitscoaching@gmail.com,https://ukbusinessportal.co.uk/wp-content/uploads/2025/04/6476fdb1ec4ef-1685519793.jpg,https://ukbusinessportal.co.uk/business/nolimits-coaching/,2026-06-10 15:11:37,2026-06-10
Health & Wellbeing,SK LifeCoach UK,https://sklifecoachuk.co.uk/,07939607871,steven@sklifecoachuk.co.uk,https://ukbusinessportal.co.uk/wp-content/uploads/2025/02/SKLifeCoachUK-3.png,https://ukbusinessportal.co.uk/business/sk-lifecoach-uk/,2026-06-10 15:11:37,2026-06-10
Health & Wellbeing,The Wellbourne Clinic,https://thewellbourneclinic.com,03300431715,info@thewellbourneclinic.com,https://ukbusinessportal.co.uk/wp-content/uploads/2024/08/2Asset-6@3x.png,https://ukbusinessportal.co.uk/business/the-wellbourne-clinic/,2026-06-10 15:11:37,2026-06-10
Hypnotherapy,Lisa Murphy Counselling & Hypnotherapy,https://www.cherrytherapies.com/,07912 408830,cherrytherapies@gmail.com,https://ukbusinessportal.co.uk/wp-content/uploads/2025/05/Anxiety-and-Anger-Management-Counselling.jpg,https://ukbusinessportal.co.uk/business/lisa-murphy-counselling-hypnotherapy/,2026-06-10 15:11:37,2026-06-10
Interior Design,Ruler Interior Design,https://www.rulerinteriordesign.com/,07971 112118,lisa@rulerinteriordesign.com,https://ukbusinessportal.co.uk/wp-content/uploads/2025/06/302426652_600667705025936_1576115003970339058_n.jpg,https://ukbusinessportal.co.uk/business/ruler-interior-design/,2026-06-10 15:11:37,2026-06-10
Interior Design,Clare Pitcher Interior Design,https://clarepitcher.co.uk/,024 7671 2613,id@clarepitcher.co.uk,https://ukbusinessportal.co.uk/wp-content/uploads/2024/05/logo-2-e1716562996698.jpg,https://ukbusinessportal.co.uk/business/clare-pitcher-interior-design/,2026-06-10 15:11:37,2026-06-10
Interior Design,Alexandra Wilson Interior Design,https://alexandrawilsoninteriors.co.uk/,01933 316541,alex@alexandrawilsoninteriors.co.uk,https://ukbusinessportal.co.uk/wp-content/uploads/2024/03/425008354_1118380932731124_3330251323516836288_n.jpg,https://ukbusinessportal.co.uk/business/alexandra-wilson-interior-design/,2026-06-10 15:11:37,2026-06-10
Interior Design,Stephenson Wright,https://stephensonwright.com/,01932 508440,jw@stephensonwright.com,https://ukbusinessportal.co.uk/wp-content/uploads/2024/01/SW-Vector-Logo-1.jpg,https://ukbusinessportal.co.uk/business/stephenson-wright/,2026-06-10 15:11:37,2026-06-10
Kitchens,Alpinen Daries Plastering,https://adp-plastering.co.uk/,07523 417906,plasteringadp@gmail.com,https://ukbusinessportal.co.uk/wp-content/uploads/2025/09/images-8.png.webp,https://ukbusinessportal.co.uk/business/alpinen-daries-plastering/,2026-06-10 15:11:37,2026-06-10
Kitchens,The Hub and the Tub,https://www.hubandthetub.net/,01332 842534,Enquiries@hubandthetub.co.uk,https://ukbusinessportal.co.uk/wp-content/uploads/2025/09/The-Hub-and-The-Tub-Kitchen-and-Bathroom-Suppliers-Derby-Website-Logo.png.webp,https://ukbusinessportal.co.uk/business/the-hub-and-the-tub/,2026-06-10 15:11:37,2026-06-10
Kitchens,BathKitchen Renovation Ltd,https://bathkitchenlondon.com/, 0203 930 3453,Info@BathKitchenLondon.com,https://ukbusinessportal.co.uk/wp-content/uploads/2025/09/495962308_122101612910861850_8812379825920297257_n-scaled.jpg.webp,https://ukbusinessportal.co.uk/business/bathkitchen-renovation-ltd/,2026-06-10 15:11:37,2026-06-10
Kitchens,Matthew James Kitchens,https://matthewjameskitchens.co.uk/, 01527 836 985,info@matthewjameskitchens.co.uk,https://ukbusinessportal.co.uk/wp-content/uploads/2024/03/LOGO-RECREATED-LARGE-ot00o4zyxckwmoq72crtl5qzikgscxb98wy0tp4fl2.png.webp,https://ukbusinessportal.co.uk/business/matthew-james-kitchens/,2026-06-10 15:11:37,2026-06-10
Kitchens,Newcastle Kitchen & Bedroom Co,https://www.newcastlekitchenandbedroomco.co.uk/,0191 414 7879,info@nkbco.co.uk,https://ukbusinessportal.co.uk/wp-content/uploads/2024/02/nkbco.png.webp,https://ukbusinessportal.co.uk/business/newcastle-kitchen-bedroom-co/,2026-06-10 15:11:37,2026-06-10
Life Coaching,Linda King Coaching,https://www.lindakingcoaching.co.uk/,07345 585031,linda@lindakingcoaching.co.uk,https://ukbusinessportal.co.uk/wp-content/uploads/2026/01/linda-king-coaching.jpg,https://ukbusinessportal.co.uk/business/linda-king-coaching/,2026-06-10 15:11:37,2026-06-10
Life Coaching,NoLimits Coaching,https://www.nolimitscoaching.info/,07949030428, kelly.nolimitscoaching@gmail.com,https://ukbusinessportal.co.uk/wp-content/uploads/2025/04/6476fdb1ec4ef-1685519793.jpg,https://ukbusinessportal.co.uk/business/nolimits-coaching/,2026-06-10 15:11:37,2026-06-10
Life Coaching,SK LifeCoach UK,https://sklifecoachuk.co.uk/,07939607871,steven@sklifecoachuk.co.uk,https://ukbusinessportal.co.uk/wp-content/uploads/2025/02/SKLifeCoachUK-3.png,https://ukbusinessportal.co.uk/business/sk-lifecoach-uk/,2026-06-10 15:11:37,2026-06-10
Locksmith,Access ASAP Locksmiths,https://accessasap.com/,07830 352803,mark@accessasap.com,https://ukbusinessportal.co.uk/wp-content/uploads/2025/04/Access-Asap-Logo-2022-WEB-TRANSPARENT-1030x198-1.png,https://ukbusinessportal.co.uk/business/access-asap-locksmiths/,2026-06-10 15:11:37,2026-06-10
Locksmith,KC Locksmith Services Ltd,https://www.kc-locksmith.co.uk/,07840 128282,kc-locksmith@hotmail.com,https://ukbusinessportal.co.uk/wp-content/uploads/2024/11/301568745_1028519301307270_9625854316902126_n.jpg,https://ukbusinessportal.co.uk/business/kc-locksmith-services-ltd/,2026-06-10 15:11:37,2026-06-10
Luxury Interiors,Patina Sofas,https://www.patinasofas.com/,07856 902 447,info@patinasofas.com,https://ukbusinessportal.co.uk/wp-content/uploads/2025/12/patina-ezgif.com-webp-to-jpg-converter.jpg,https://ukbusinessportal.co.uk/business/patina-sofas/,2026-06-10 15:11:37,2026-06-10
Luxury Interiors,Scooms,https://scooms.com/,020 7164 6045,sleep@scooms.com,https://ukbusinessportal.co.uk/wp-content/uploads/2025/05/scooms.png,https://ukbusinessportal.co.uk/business/scooms/,2026-06-10 15:11:37,2026-06-10
Manufacturing,Kerr Compressor Engineers (EK) Ltd,https://www.kerrcompressors.co.uk/,0800 008 6588,web.enquiry@kerrcompressors.co.uk,https://ukbusinessportal.co.uk/wp-content/uploads/2025/12/Logo-square-e1765381534857.jpg,https://ukbusinessportal.co.uk/business/kerr-compressor-engineers-ek-ltd/,2026-06-10 15:11:37,2026-06-10
Manufacturing,Quadratech Diagnostics,https://www.quadratech.co.uk/,033 3321 2371,info@quadratech.co.uk,https://ukbusinessportal.co.uk/wp-content/uploads/2025/06/download.png,https://ukbusinessportal.co.uk/business/quadratech-diagnostics/,2026-06-10 15:11:37,2026-06-10
Manufacturing,CPL Ltd,https://cpl-ltd.com,01536 529876,info@cpl-ltd.com,https://ukbusinessportal.co.uk/wp-content/uploads/2025/01/473339374_1227865115668842_1334222204651545897_n-e1737364619721.jpg,https://ukbusinessportal.co.uk/business/cpl-ltd/,2026-06-10 15:11:37,2026-06-10
Mortgage Broker,RLV Mortgages Limited,https://www.rlvmortgages.co.uk/,0800 112 3766,info@rlvmortgages.co.uk,https://ukbusinessportal.co.uk/wp-content/uploads/2025/09/RLV-Logo.jpg,https://ukbusinessportal.co.uk/business/rlv-mortgages-limited/,2026-06-10 15:11:37,2026-06-10
Mortgage Broker,Confidence in Finance,https://confidenceinfinance.co.uk/,01424 762120,info@confidenceinfinance.co.uk,https://ukbusinessportal.co.uk/wp-content/uploads/2025/06/466329194_122101763078618417_4382663167657277500_n.jpg,https://ukbusinessportal.co.uk/business/confidence-in-finance/,2026-06-10 15:11:37,2026-06-10
Mortgage Broker,Innovate Mortgages & Loans,https://www.innovateml.co.uk/,0191 2843 723,info@innovateml.co.uk,https://ukbusinessportal.co.uk/wp-content/uploads/2024/02/innovate-image.png,https://ukbusinessportal.co.uk/business/innovate-mortgages-loans/,2026-06-10 15:11:37,2026-06-10
Mortgage Broker,Integrity Mortgages,https://www.integritymortgages.co.uk/,01903 366189,contact@integritymortgages.co.uk,https://ukbusinessportal.co.uk/wp-content/uploads/2024/01/Integrity-Mortgages-Logo-1.png,https://ukbusinessportal.co.uk/business/integrity-mortgages/,2026-06-10 15:11:37,2026-06-10
Mortgage Broker,Sussex Mortgages,https://sussexmortgage.co.uk/,01273 283179,info@sussex.mortgage,https://ukbusinessportal.co.uk/wp-content/uploads/2024/01/Sussex-Mortgages-Logo-1-ezgif.com-webp-to-jpg-converter-1.jpg,https://ukbusinessportal.co.uk/business/sussex-mortgages/,2026-06-10 15:11:37,2026-06-10
Osteopathy,Peter Jones Osteopath,https://www.pjonesosteopath.co.uk/,01905 426 393,pjonesosteopath@btinternet.com,https://ukbusinessportal.co.uk/wp-content/uploads/2024/07/peter-jones-osteopath-in-worcester.jpg,https://ukbusinessportal.co.uk/business/peter-jones-osteopath/,2026-06-10 15:11:37,2026-06-10
Osteopathy,Lincoln Osteopathy,https://www.lincolnosteopathy.co.uk/,01522 532 061,info@lincolnosteopathy.co.uk,https://ukbusinessportal.co.uk/wp-content/uploads/2024/04/JH-logo2.png,https://ukbusinessportal.co.uk/business/lincoln-osteopathy/,2026-06-10 15:11:37,2026-06-10
Osteopathy,Healthy Bodies Clinic,https://www.healthybodiesclinic.co.uk/,0121 747 2802,contact@healthybodiesclinic.co.uk,https://ukbusinessportal.co.uk/wp-content/uploads/2024/02/healthy-bodies-clinic-logo.jpg,https://ukbusinessportal.co.uk/business/healthy-bodies-clinic/,2026-06-10 15:11:37,2026-06-10
Osteopathy,Broadwater Osteopathic Practice,https://www.worthingosteopathy.com/,01903 820206,info@worthingosteopathy.com,https://ukbusinessportal.co.uk/wp-content/uploads/2024/01/BOP-logo-1024x155-4.png,https://ukbusinessportal.co.uk/business/broadwater-osteopathic-practice/,2026-06-10 15:11:37,2026-06-10
Osteopathy,Mark Andrews Osteopathy,https://brightonosteopathy.co.uk/,07973 404885,markosteo@icloud.com,https://ukbusinessportal.co.uk/wp-content/uploads/2024/01/logo-Mark-Andrews-1.png,https://ukbusinessportal.co.uk/business/mark-andrews-osteopathy/,2026-06-10 15:11:37,2026-06-10
Painters,BK Decorating Ltd,https://www.bkdecorating.com/,07513987866,bartbuilder@gmail.com,https://ukbusinessportal.co.uk/wp-content/uploads/2026/03/BK-Decorating-Property-1.jpg,https://ukbusinessportal.co.uk/business/bk-decorating-ltd/,2026-06-10 15:11:37,2026-06-10
Painters,Crystal Clear Maintenance,https://wearecrystalclear.co.uk/,07860 597952, info@wearecrystalclear.co.uk,https://ukbusinessportal.co.uk/wp-content/uploads/2025/11/crystal-clear-maintenance.png,https://ukbusinessportal.co.uk/business/crystal-clear-maintenance/,2026-06-10 15:11:37,2026-06-10
Painters,SplashofColour,https://splashofcolour.biz/,07895600774,Splashofcolour@me.com,https://ukbusinessportal.co.uk/wp-content/uploads/2025/05/8b9ef-blob.png,https://ukbusinessportal.co.uk/business/splashofcolour/,2026-06-10 15:11:37,2026-06-10
Painters,CBell Decorators,https://cbelldecorators.com/,07983160652,cbellcontracts@gmail.com,https://ukbusinessportal.co.uk/wp-content/uploads/2025/03/cbell-1.png,https://ukbusinessportal.co.uk/business/cbell-decorators/,2026-06-10 15:11:37,2026-06-10
Painters,H.A Samples Painter & Decorator,https://hasamples.com/,07900 905599,info@hasamples.com,https://ukbusinessportal.co.uk/wp-content/uploads/2025/01/cropped-H-3.png,https://ukbusinessportal.co.uk/business/h-a-samples-painter-decorator/,2026-06-10 15:11:37,2026-06-10
Painters,JDP Decorating,https://www.jdpdecorating.co.uk/,07590 481693,info@jdpdecorating.co.uk,https://ukbusinessportal.co.uk/wp-content/uploads/2024/11/JDP-Logo-e1731234765915.jpg,https://ukbusinessportal.co.uk/business/jdp-decorating/,2026-06-10 15:11:37,2026-06-10
Painters,Scott Sim Painter and Decorator,https://www.scottsimpainteranddecorator.com/,07850 665359 ,info@scottsimpainteranddecorator.com,https://ukbusinessportal.co.uk/wp-content/uploads/2024/11/06983a75-0694-4f02-8e63-29692163cf7e2-ezgif.com-webp-to-jpg-converter-e1731234787487.jpg,https://ukbusinessportal.co.uk/business/scott-sim-painter-and-decorator/,2026-06-10 15:11:37,2026-06-10
Personal Trainer,Right Time PT,https://righttimept.co.uk/,07803 597157,righttimept@gmail.com,https://ukbusinessportal.co.uk/wp-content/uploads/2025/06/right-time-health-coaching-logo-e1750062389103.jpg.webp,https://ukbusinessportal.co.uk/business/right-time-pt/,2026-06-10 15:11:37,2026-06-10
Personal Trainer,Tim’s Training,https://www.timstraining.co.uk/,07855 527831,hello@timstraining.co.uk,https://ukbusinessportal.co.uk/wp-content/uploads/2025/02/230717892_138983578308933_6387507224953300959_n.jpg.webp,https://ukbusinessportal.co.uk/business/tims-training/,2026-06-10 15:11:37,2026-06-10
Personal Trainer,Storm Fitness Academy,https://www.stormfitnessacademy.co.uk/,01273 613014,team@stormfitnessacademy.co.uk,https://ukbusinessportal.co.uk/wp-content/uploads/2025/02/storm-fitness-academy-woodingdean.png.webp,https://ukbusinessportal.co.uk/business/storm-fitness-academy/,2026-06-10 15:11:37,2026-06-10
Personal Trainer,Brighton Biomechanics,https://www.btn-bmc.co.uk/,07775 585486,contact@btn-bmc.co.uk,https://ukbusinessportal.co.uk/wp-content/uploads/2025/01/Blacklogo-nobackground.png.webp,https://ukbusinessportal.co.uk/business/brighton-biomechanics/,2026-06-10 15:11:37,2026-06-10
Pest Control,Help Me Pest Control Ltd,https://helpmepestcontrol.co.uk/,01903 256995,helpmepestcontrol@hotmail.com,https://ukbusinessportal.co.uk/wp-content/uploads/2025/10/Untitled-1200-×-500-px-10-e1674462179989.png,https://ukbusinessportal.co.uk/business/help-me-pest-control-ltd/,2026-06-10 15:11:37,2026-06-10
Photographers,Eden Visions,https://edenvisions.com/,01444 229886,joshua.bannister@edenvisions.com,https://ukbusinessportal.co.uk/wp-content/uploads/2026/03/Eden-Logo-square.png.webp,https://ukbusinessportal.co.uk/business/eden-visions/,2026-06-10 15:11:37,2026-06-10
Photographers,Kris Soul Photography,https://www.krissoulphotography.co.uk/,07737 549830,kris.soulphotography@gmail.com,https://ukbusinessportal.co.uk/wp-content/uploads/2025/04/KrisSoulPhotography-ezgif.com-webp-to-jpg-converter.jpg.webp,https://ukbusinessportal.co.uk/business/kris-soul-photography/,2026-06-10 15:11:37,2026-06-10
Photographers,McCourt Photography,https://mccourtphotography.co.uk/,07474 060688,jack@mccourtphotography.co.uk,https://ukbusinessportal.co.uk/wp-content/uploads/2025/04/McCourt-Photography-Logo.png.webp,https://ukbusinessportal.co.uk/business/mccourt-photography/,2026-06-10 15:11:37,2026-06-10
Photographers,Cyrus Mehta Photography,https://www.cyrusmehta.co.uk,07887 517 536,cyrus@cyrusmehta.co.uk,https://ukbusinessportal.co.uk/wp-content/uploads/2024/08/Cyrus-Mehta-Photography-logo-e1722851582382.jpg.webp,https://ukbusinessportal.co.uk/business/cyrus-mehta-photography/,2026-06-10 15:11:37,2026-06-10
Photographers,Chappers Photo,https://chappersphoto.co.uk/,07854380024,chappersmedia@gmail.com,https://ukbusinessportal.co.uk/wp-content/uploads/2024/07/Chappers-Photo-Logo-e1722851622536.jpg.webp,https://ukbusinessportal.co.uk/business/chappers-photo/,2026-06-10 15:11:37,2026-06-10
Photographers,Dan King Professional Photographer & Videographer,https://danking.cc/,07739967031,dan@danking.cc,https://ukbusinessportal.co.uk/wp-content/uploads/2024/03/dan-king.jpg.webp,https://ukbusinessportal.co.uk/business/dan-king-professional-photographer-videographer/,2026-06-10 15:11:37,2026-06-10
Physiotherapy,Olivia Mercer Physiotherapy,https://www.cambridgephysiotherapist.co.uk/,07913 887672,olivia.physio1@gmail.com,https://ukbusinessportal.co.uk/wp-content/uploads/2026/06/Olivia-Mercer-Logo.jpg,https://ukbusinessportal.co.uk/business/olivia-mercer-physiotherapy/,2026-06-10 15:11:37,2026-06-10
Physiotherapy,Be ProActive Physiotherapy,https://beproactivephysio.co.uk/,07730 464841,beproactivephysio@gmail.com,https://ukbusinessportal.co.uk/wp-content/uploads/2026/06/Be-Proactive-Physiotherapy-logo.png.webp,https://ukbusinessportal.co.uk/business/be-proactive-physiotherapy/,2026-06-10 15:11:37,2026-06-10
Physiotherapy,Feature Physiotherapy,https://www.featurephysiotherapy.co.uk/,01903 357119,info@featurephysiotherapy.co.uk,https://ukbusinessportal.co.uk/wp-content/uploads/2026/04/feature-scaled.png.webp,https://ukbusinessportal.co.uk/business/feature-physiotherapy/,2026-06-10 15:11:37,2026-06-10
Physiotherapy,The Physio Box,https://www.thephysiobox.co.uk/,07534 342233,info@thephysiobox.co.uk,https://ukbusinessportal.co.uk/wp-content/uploads/2026/04/The-Physio-Box-Swindon.png.webp,https://ukbusinessportal.co.uk/business/the-physio-box/,2026-06-10 15:11:37,2026-06-10
Plasterers,Crystal Clear Maintenance,https://wearecrystalclear.co.uk/,07860 597952, info@wearecrystalclear.co.uk,https://ukbusinessportal.co.uk/wp-content/uploads/2025/11/crystal-clear-maintenance.png,https://ukbusinessportal.co.uk/business/crystal-clear-maintenance/,2026-06-10 15:11:37,2026-06-10
Plasterers,Alpinen Daries Plastering,https://adp-plastering.co.uk/,07523 417906,plasteringadp@gmail.com,https://ukbusinessportal.co.uk/wp-content/uploads/2025/09/images-8.png,https://ukbusinessportal.co.uk/business/alpinen-daries-plastering/,2026-06-10 15:11:37,2026-06-10
Plasterers,Holt Plastering,https://holtplastering.co.uk/,07793 083476,holtplastering65@gmail.com,https://ukbusinessportal.co.uk/wp-content/uploads/2025/09/hotplastering-logo.png,https://ukbusinessportal.co.uk/business/holt-plastering/,2026-06-10 15:11:37,2026-06-10
Plumbers,Ryan Lee Plumbing,https://www.worthingplumber.co.uk/,07595 734 331,ryanleecontact@gmail.com,https://ukbusinessportal.co.uk/wp-content/uploads/2025/06/Ryan-Lee-Plumbing.jpg,https://ukbusinessportal.co.uk/business/ryan-lee-plumbing/,2026-06-10 15:11:37,2026-06-10
Plumbers,Jack The Plumber Ltd,https://jacktheplumber.co.uk/, 07933 138914,info@jacktheplumber.com,https://ukbusinessportal.co.uk/wp-content/uploads/2025/04/Jack-pluber.png,https://ukbusinessportal.co.uk/business/jack-the-plumber/,2026-06-10 15:11:37,2026-06-10
Plumbers,Allstar Systems,https://www.allstarsystems.co.uk/, 01603 523247,info@allstarsystems.co.uk,https://ukbusinessportal.co.uk/wp-content/uploads/2025/04/allstar-logo.png,https://ukbusinessportal.co.uk/business/allstar-systems/,2026-06-10 15:11:37,2026-06-10
Plumbers,HJZ Plumbing,https://hjzplumbing.com/,01482 236483,office@hjzplumbing.com,https://ukbusinessportal.co.uk/wp-content/uploads/2025/04/og_image-e1745919046698.png,https://ukbusinessportal.co.uk/business/hjz-plumbing/,2026-06-10 15:11:37,2026-06-10
Plumbers,The Cornish Heating Company,https://cornishheating.co.uk/,07925 000505,info@cornishheating.co.uk,https://ukbusinessportal.co.uk/wp-content/uploads/2024/05/images-1-1.png,https://ukbusinessportal.co.uk/business/the-cornish-heating-company/,2026-06-10 15:11:37,2026-06-10
Plumbers,1st Clear Flow Ltd,https://www.1stclearflow.co.uk/,01903 238812,plumbing@1stclearflow.co.uk,https://ukbusinessportal.co.uk/wp-content/uploads/2024/01/logo_1stcf_sml.jpg,https://ukbusinessportal.co.uk/business/1st-clear-flow-ltd/,2026-06-10 15:11:37,2026-06-10
Plumbers,XBG Plumbing & Heating,https://xbg-ltd.co.uk/,01903 536 502,enquiry@xbg-ltd.co.uk,https://ukbusinessportal.co.uk/wp-content/uploads/2023/12/xbg_logo.png,https://ukbusinessportal.co.uk/business/xbg-plumbing/,2026-06-10 15:11:37,2026-06-10
Podiatry,Sussex Total Foot Care,https://sussextotalfootcare.com/,01903 248604,info@sussextotalfootcare.com,https://ukbusinessportal.co.uk/wp-content/uploads/2024/07/Logo-e1634907723995.png,https://ukbusinessportal.co.uk/business/sussex-total-foot-care/,2026-06-10 15:11:37,2026-06-10
Property Maintenance,BK Decorating Ltd,https://www.bkdecorating.com/,07513987866,bartbuilder@gmail.com,https://ukbusinessportal.co.uk/wp-content/uploads/2026/03/BK-Decorating-Property-1.jpg,https://ukbusinessportal.co.uk/business/bk-decorating-ltd/,2026-06-10 15:11:37,2026-06-10
Property Maintenance,Crystal Clear Maintenance,https://wearecrystalclear.co.uk/,07860 597952, info@wearecrystalclear.co.uk,https://ukbusinessportal.co.uk/wp-content/uploads/2025/11/crystal-clear-maintenance.png,https://ukbusinessportal.co.uk/business/crystal-clear-maintenance/,2026-06-10 15:11:37,2026-06-10
Property Maintenance,Gardens of Distinction,https://www.gardensofdistinction.uk/,07884 093117,damian@gardensofdistinction.uk,https://ukbusinessportal.co.uk/wp-content/uploads/2025/11/Gardens-e1765381656326.png,https://ukbusinessportal.co.uk/business/gardens-of-distinction/,2026-06-10 15:11:37,2026-06-10
Property Maintenance,Turf Supplies Essex,https://turfsuppliesessex.co.uk/,07394394155,contact@turfsuppliesessex.co.uk,https://ukbusinessportal.co.uk/wp-content/uploads/2025/10/Turf-Supplies-Essex-Logo-ezgif.com-webp-to-jpg-converter.jpg,https://ukbusinessportal.co.uk/business/turf-supplies-essex/,2026-06-10 15:11:37,2026-06-10
Property Maintenance,C.R. Ventilation Services,https://crventilationservices.co.uk/,07940983538 / 01747 590387,info@crventilationservices.co.uk,https://ukbusinessportal.co.uk/wp-content/uploads/2025/05/20250507_151434-scaled-e1746628037415.jpg,https://ukbusinessportal.co.uk/business/c-r-ventilation-services/,2026-06-10 15:11:37,2026-06-10
Recruitment,Clements Young,https://www.clementsyoung.co.uk/,01522 440800,enquiries@clementsyoung.co.uk,https://ukbusinessportal.co.uk/wp-content/uploads/2024/03/300785446_446494737510986_5978559942211419629_n.png,https://ukbusinessportal.co.uk/business/clements-young/,2026-06-10 15:11:37,2026-06-10
Recruitment,Harvey John,https://www.harveyjohn.com/,01273 820808,info@harveyjohn.com,https://ukbusinessportal.co.uk/wp-content/uploads/2024/01/harvey-john-logo.png,https://ukbusinessportal.co.uk/business/harvey-john/,2026-06-10 15:11:37,2026-06-10
Recruitment,Grafton Banks Finance,https://www.graftonbanksfinance.co.uk/,01273 229 499,finance@graftonbanks.co.uk,https://ukbusinessportal.co.uk/wp-content/uploads/2023/12/c6889aee-87ee-4177-979e-578ff884cdc5-e1712937045317.png,https://ukbusinessportal.co.uk/business/grafton-banks-finance/,2026-06-10 15:11:37,2026-06-10
Removals,Newtons Removals And Storage Ltd,https://www.newtonsremovals.co.uk/,07577371853,newtonsremovals1@gmail.com,https://ukbusinessportal.co.uk/wp-content/uploads/2026/06/Newtons-Removals-Storage.jpg.webp,https://ukbusinessportal.co.uk/business/newtons-removals-and-storage-ltd/,2026-06-10 15:11:37,2026-06-10
Removals,Momentous Relocation,https://www.momentousrelocation.co.uk/,020 3780 4545,enquiries@momentousrelocation.co.uk,https://ukbusinessportal.co.uk/wp-content/uploads/2026/02/momentous-logo.png.webp,https://ukbusinessportal.co.uk/business/momentous-relocation/,2026-06-10 15:11:37,2026-06-10
Removals,Leaways Removals & Storage,https://www.leaways.co.uk,01582 383503,info@leaways.co.uk,https://ukbusinessportal.co.uk/wp-content/uploads/2025/07/2025-06-26-ezgif.com-webp-to-jpg-converter.jpg.webp,https://ukbusinessportal.co.uk/business/leaways-removals-storage/,2026-06-10 15:11:37,2026-06-10
Removals,Your Man With A Van – Bournemouth Dorset,https://yourmanwithavan.com/bournemouth-dorset/,0800 086 2449,bcp@yourmanwithavan.com,https://ukbusinessportal.co.uk/wp-content/uploads/2024/07/396743636_122095230074102242_54197744124584513_n.jpg.webp,https://ukbusinessportal.co.uk/business/your-man-with-a-van-bournemouth-dorset/,2026-06-10 15:11:37,2026-06-10
Removals,Britannia Cestrian,https://britanniacestrian.co.uk/,01244 521 950,sales@britanniacestrian.co.uk,https://ukbusinessportal.co.uk/wp-content/uploads/2024/07/britannia-cestrian.png.webp,https://ukbusinessportal.co.uk/business/britannia-cestrian/,2026-06-10 15:11:37,2026-06-10
Removals,Devon & Dorset Removals,https://devonanddorsetremovals.co.uk/,01803 391855,info@devonanddorsetremovals.co.uk ,https://ukbusinessportal.co.uk/wp-content/uploads/2024/04/devon-dorset-removals-dark-on-light-scaled.jpg.webp,https://ukbusinessportal.co.uk/business/devon-dorset-removals/,2026-06-10 15:11:37,2026-06-10
Removals,Green Brothers Removals,https://www.greenbrothers-removals.co.uk/,01753 866663,info@greenbrs.co.uk,https://ukbusinessportal.co.uk/wp-content/uploads/2024/04/Green_Brothers_Removals_and_Storage-MobLogo-640w-ezgif.com-webp-to-jpg-converter.jpg.webp,https://ukbusinessportal.co.uk/business/green-brothers-removals/,2026-06-10 15:11:37,2026-06-10
Removals,Bedford Removals,https://bedfordremovals.com/,01234 351451,info@bedfordremovals.com,https://ukbusinessportal.co.uk/wp-content/uploads/2024/03/Bedford-Removals-Footer-Logo.png.webp,https://ukbusinessportal.co.uk/business/bedford-removals/,2026-06-10 15:11:37,2026-06-10
Removals,Reads Removals,https://www.readsremovals.com/,01733 910789,sales@readsremovals.com,https://ukbusinessportal.co.uk/wp-content/uploads/2024/02/reads-logo-400.png.webp,https://ukbusinessportal.co.uk/business/reads-removals/,2026-06-10 15:11:37,2026-06-10
Renewable Energy,Kimble Solar,https://www.kimbletech.com/,01494 623 001,hello@kimbletech.com,https://ukbusinessportal.co.uk/wp-content/uploads/2026/06/Kimble-Solar-Logo.png,https://ukbusinessportal.co.uk/business/kimble-solar/,2026-06-10 15:11:37,2026-06-10
Renewable Energy,Solsure Electrical,https://solsure.co.uk/,07722413525,info@solsure.co.uk,https://ukbusinessportal.co.uk/wp-content/uploads/2025/07/cropped-NewUpdatedFile-3-scaled-1.png,https://ukbusinessportal.co.uk/business/solsure-electrical/,2026-06-10 15:11:37,2026-06-10
Renewable Energy,EcoStar Renewables,https://ecostar-renewables.co.uk/,0191 743 7172,sales@ecostar-renewables.co.uk,https://ukbusinessportal.co.uk/wp-content/uploads/2025/07/486247673_122098996682831844_9025135343040211854_n.jpg,https://ukbusinessportal.co.uk/business/ecostar-renewables/,2026-06-10 15:11:37,2026-06-10
Renewable Energy,Alba Heat and Power,https://albaheatandpower.co.uk/,01592 596 789 ,enquiries@albaheatandpower.co.uk,https://ukbusinessportal.co.uk/wp-content/uploads/2025/07/Alba-Heat-and-Power-Logo-scaled.jpg,https://ukbusinessportal.co.uk/business/alba-heat-and-power/,2026-06-10 15:11:37,2026-06-10
Renewable Energy,EcoHome Renewables Ltd,https://ecohomerenewables.co.uk/,01202 798221,info@ecohomerenewables.co.uk,https://ukbusinessportal.co.uk/wp-content/uploads/2025/07/solarsun-ecohome-renewables-horizontal-logo-317x90-1.png,https://ukbusinessportal.co.uk/business/ecohome-renewables-ltd/,2026-06-10 15:11:37,2026-06-10
Renewable Energy,FEC Renewables Ltd,https://fec-renewables.co.uk/,01302 578422,info@fec-renewables.co.uk,https://ukbusinessportal.co.uk/wp-content/uploads/2025/07/FEC-Renewables-Logo-1-scaled-e1751444588291.png,https://ukbusinessportal.co.uk/business/fec-renewables-ltd/,2026-06-10 15:11:37,2026-06-10
Renewable Energy,ACEN Solar,https://acen-solar.co.uk/,0203 0053 282,info@acen-solar.co.uk,https://ukbusinessportal.co.uk/wp-content/uploads/2024/09/acen-solar-e1726215701239.png,https://ukbusinessportal.co.uk/business/acen-solar/,2026-06-10 15:11:37,2026-06-10
Renewable Energy,Abacus Energy Solutions,https://abacusenergysolutions.co.uk/,0330 124 4299,sales@abacusenergysolutions.co.uk,https://ukbusinessportal.co.uk/wp-content/uploads/2024/07/abacus-energy-logo.png,https://ukbusinessportal.co.uk/business/abacus-energy-solutions/,2026-06-10 15:11:37,2026-06-10
Renewable Energy,BB Heat Pumps,https://www.bbheatpumps.co.uk/,07985 431834,Paul@bbheatpumps.co.uk,https://ukbusinessportal.co.uk/wp-content/uploads/2024/05/7ecf8c_2435c7a9c19e4be8828cd69daf2cbe68mv2-e1716562901726.png,https://ukbusinessportal.co.uk/business/bb-heat-pumps/,2026-06-10 15:11:37,2026-06-10
Roofing,Mason & Sons Roofers,https://www.masonandsonsroofershove.co.uk/,07947184217,masonandsonsroofers@gmail.com,https://ukbusinessportal.co.uk/wp-content/uploads/2025/04/300227801_1033911977430244_7596478764981638380_n.png,https://ukbusinessportal.co.uk/business/mason-sons-roofers/,2026-06-10 15:11:37,2026-06-10
Roofing,LA Roofing,https://www.la-roofing.co.uk/,07447 094593,info@la-roofing.co.uk,https://ukbusinessportal.co.uk/wp-content/uploads/2025/03/LARoofingLogo-ezgif.com-webp-to-jpg-converter.jpg,https://ukbusinessportal.co.uk/business/la-roofing/,2026-06-10 15:11:37,2026-06-10
Roofing,D Taylor Roofing Ltd,https://www.dtaylorroofingltd.co.uk/,01452 729 789,dtaylorroofingltd@gmail.com,https://ukbusinessportal.co.uk/wp-content/uploads/2025/03/Logo-271w.jpg,https://ukbusinessportal.co.uk/business/d-taylor-roofing-ltd/,2026-06-10 15:11:37,2026-06-10
Roofing,Chichester Builders,https://chichester.builders/,01243 278007,enquiries@chichester.builders,https://ukbusinessportal.co.uk/wp-content/uploads/2025/02/chichester-builders-logo.png,https://ukbusinessportal.co.uk/business/chichester-builders/,2026-06-10 15:11:37,2026-06-10
Skip Hire,Sherborne Skip Hire,https://skiphire-sherborne.co.uk/,01963 23018,sherborneskiphire@gmail.com,https://ukbusinessportal.co.uk/wp-content/uploads/2025/05/2048.png,https://ukbusinessportal.co.uk/business/sherborne-skip-hire/,2026-06-10 15:11:37,2026-06-10
Skip Hire,Moverley Demolition & Skip Hire Ltd,https://www.moverleyskiphire.co.uk/,01347 810869,info@moverleyskiphire.co.uk,https://ukbusinessportal.co.uk/wp-content/uploads/2025/05/438725710_1651857918922020_807499378467804879_n.jpg,https://ukbusinessportal.co.uk/business/moverley-demolition-skip-hire-ltd/,2026-06-10 15:11:37,2026-06-10
Solicitors,George Ide LLP,https://www.georgeide.co.uk/,01243 786668,info@georgeide.co.uk,https://ukbusinessportal.co.uk/wp-content/uploads/2026/05/george-ide-llp-logo_9d60.png,https://ukbusinessportal.co.uk/business/george-ide-llp/,2026-06-10 15:11:37,2026-06-10
Solicitors,Westwing Solicitors,https://westwingsolicitors.co.uk/,020 805 15498,info@westwingsolicitors.co.uk,https://ukbusinessportal.co.uk/wp-content/uploads/2025/10/westwing-solicitors.png,https://ukbusinessportal.co.uk/business/westwing-solicitors/,2026-06-10 15:11:37,2026-06-10
Solicitors,Blackfriars Law,https://blackfriarslaw.co.uk/,0121 247 9491,info@blackfriarslaw.co.uk,https://ukbusinessportal.co.uk/wp-content/uploads/2024/02/fav-e1708247941894.jpg,https://ukbusinessportal.co.uk/business/blackfriars-law/,2026-06-10 15:11:37,2026-06-10
Solicitors,Levi Solicitors LLP,https://levisolicitors.co.uk/,0113 2449931,info@levisolicitors.co.uk,https://ukbusinessportal.co.uk/wp-content/uploads/2024/02/levi-solicitors-llp.png,https://ukbusinessportal.co.uk/business/levi-solicitors-llp/,2026-06-10 15:11:37,2026-06-10
Solicitors,Edward Harte Solicitors,https://www.edward-harte.co.uk/,01273 662750,enquiries@edward-harte.co.uk,https://ukbusinessportal.co.uk/wp-content/uploads/2024/01/edward-harte-logo-ezgif.com-webp-to-jpg-converter-1.jpg,https://ukbusinessportal.co.uk/business/edward-harte-solicitors/,2026-06-10 15:11:37,2026-06-10
Solicitors,Bennett Griffin LLP,https://www.bennettgriffin.co.uk/,01903 229999,info@bennett-griffin.co.uk,https://ukbusinessportal.co.uk/wp-content/uploads/2023/12/BG_logo_Stacked_FULL.png,https://ukbusinessportal.co.uk/business/bennett-griffin-llp/,2026-06-10 15:11:37,2026-06-10
Surveyors,Smith Heritage Surveyors,https://smithheritagesurveyors.com/,01722 683 849,info@smithheritagesurveyors.com,https://ukbusinessportal.co.uk/wp-content/uploads/2026/03/Smith-Heritage-Surveyors-Logo-e1773760158156.jpg,https://ukbusinessportal.co.uk/business/smith-heritage-surveyors/,2026-06-10 15:11:37,2026-06-10
Surveyors,Cura Surveys Ltd,https://curasurveys.co.uk/,020 3488 5858,info@curasurveys.co.uk,https://ukbusinessportal.co.uk/wp-content/uploads/2026/01/cura-surveys.png,https://ukbusinessportal.co.uk/business/cura-surveys-ltd/,2026-06-10 15:11:37,2026-06-10
Surveyors,Surveyor Sorted,https://www.surveyorsorted.co.uk/,0203 900 3902,info@surveyorsorted.co.uk,https://ukbusinessportal.co.uk/wp-content/uploads/2025/04/307675133_588198906424564_3777885984753626924_n.png,https://ukbusinessportal.co.uk/business/surveyor-sorted/,2026-06-10 15:11:37,2026-06-10
Surveyors,Henderson Building Surveyors,https://www.hbsurv.co.uk/,07870914895,info@hbsurv.co.uk,https://ukbusinessportal.co.uk/wp-content/uploads/2025/09/HendersonBuildingSurveyors_logo-640w-ezgif.com-webp-to-jpg-converter.jpg,https://ukbusinessportal.co.uk/business/henderson-building-surveyors/,2026-06-10 15:11:37,2026-06-10
Surveyors,Home-MOT Ltd,https://home-mot.co.uk/,01704 874487,info@home-mot.co.uk,https://ukbusinessportal.co.uk/wp-content/uploads/2025/09/home-mot-logoAsset-1@4x.png,https://ukbusinessportal.co.uk/business/home-mot-ltd/,2026-06-10 15:11:37,2026-06-10
Surveyors,Clydeside Surveys Ltd,https://clydeside-surveys.co.uk/,0141 892 0012,info@clydeside-surveys.co.uk,https://ukbusinessportal.co.uk/wp-content/uploads/2025/09/clydeside-surveyors-e1756730795555.png,https://ukbusinessportal.co.uk/business/clydeside-surveys-ltd/,2026-06-10 15:11:37,2026-06-10
Surveyors,Trent Bridge Surveyors,https://www.trentbridgesurveyor.co.uk/,0115 8384100,info@trentbridgesurveyor.co.uk,https://ukbusinessportal.co.uk/wp-content/uploads/2025/04/Trent-Bridge-Survveyors.png,https://ukbusinessportal.co.uk/business/trent-bridge-surveyors/,2026-06-10 15:11:37,2026-06-10
Surveyors,Anthony Osborne Surveyors Ltd,https://www.aosurveys.com/,01275 472030,info@aosurveys.co.uk,https://ukbusinessportal.co.uk/wp-content/uploads/2025/03/images-5.png,https://ukbusinessportal.co.uk/business/anthony-osborne-surveyors-ltd/,2026-06-10 15:11:37,2026-06-10
Surveyors,Chartwell Surveying,https://www.chartwellsurveying.co.uk/,01903 357075,info@chartwellsurveying.co.uk,https://ukbusinessportal.co.uk/wp-content/uploads/2025/03/454716307_122106803024460814_6267253781653966565_n.jpg,https://ukbusinessportal.co.uk/business/chartwell-surveying/,2026-06-10 15:11:37,2026-06-10
Surveyors,Avery & Co,https://averysurveys.co.uk/, 0330 088 5040,hello@averysurveys.co.uk,https://ukbusinessportal.co.uk/wp-content/uploads/2024/09/304774383_523535219775774_4363341285497670942_n-e1726215729672.jpg,https://ukbusinessportal.co.uk/business/avery-co/,2026-06-10 15:11:37,2026-06-10
Surveyors,Forrester and Co,https://www.forresterandco.com/,020 8350 4141  ,office@forresterandco.com,https://ukbusinessportal.co.uk/wp-content/uploads/2024/01/menu_logo.jpg,https://ukbusinessportal.co.uk/business/forrester-and-co/,2026-06-10 15:11:37,2026-06-10
Surveyors,PA Surveyors,https://pa-surveyors.co.uk/,01273 732209,info@pa-surveyors.co.uk,https://ukbusinessportal.co.uk/wp-content/uploads/2024/01/final-logo.jpg,https://ukbusinessportal.co.uk/business/pa-surveyors/,2026-06-10 15:11:37,2026-06-10
Taxis,Rufus Taxi Services,https://rufus.taxi/, 0117 370 0127,ugnius@rufus.taxi ,https://ukbusinessportal.co.uk/wp-content/uploads/2026/02/Rufus-Taxi-Services.png.webp,https://ukbusinessportal.co.uk/business/rufus-taxi-services/,2026-06-10 15:11:37,2026-06-10
Taxis,AM Taxi Dorking,https://amtaxidorking.co.uk/,01306 866333, youramtaxi@gmail.com,https://ukbusinessportal.co.uk/wp-content/uploads/2026/01/AM-TAxi-Dorking.png.webp,https://ukbusinessportal.co.uk/business/am-taxi-dorking/,2026-06-10 15:11:37,2026-06-10
Taxis,Ride Executive Bristol,https://rideexecutivebristol.com/,0117 251 0530,info@rideexecutivebristol.com,https://ukbusinessportal.co.uk/wp-content/uploads/2025/10/ride-exec-scaled-e1762763987464.png.webp,https://ukbusinessportal.co.uk/business/ride-executive-bristol/,2026-06-10 15:11:37,2026-06-10
Taxis,MLUXE,https://www.mluxe.co.uk/,07539437383,met@sky.com,https://ukbusinessportal.co.uk/wp-content/uploads/2025/07/hans-m-OTnkae1syxk-unsplash.jpg.webp,https://ukbusinessportal.co.uk/business/mluxe/,2026-06-10 15:11:37,2026-06-10
Taxis,Platinum Cars,https://www.platinumcarservice.co.uk/,0207 458 4995,info@platinumcarservice.co.uk,https://ukbusinessportal.co.uk/wp-content/uploads/2025/05/Chauffeur-Services-Platinum-Cars.png.webp,https://ukbusinessportal.co.uk/business/platinum-cars/,2026-06-10 15:11:37,2026-06-10
Taxis,SML Taxi,https://www.smltaxi.com/, 07999 083131,stewart@smltaxi.com,https://ukbusinessportal.co.uk/wp-content/uploads/2025/04/SML-Taxi-Logo.png.webp,https://ukbusinessportal.co.uk/business/sml-taxi/,2026-06-10 15:11:37,2026-06-10
Taxis,Find My Cab Ely,https://findmycab.co.uk/,07904005014,fmycab@gmail.com,https://ukbusinessportal.co.uk/wp-content/uploads/2025/04/292231189_404200631732519_1344238126513746097_n-e1745919117621.png.webp,https://ukbusinessportal.co.uk/business/find-my-cab-ely/,2026-06-10 15:11:37,2026-06-10
Taxis,Raz Private Hire,https://razhire.co.uk/,0141 212 0850,bookings@razhire.co.uk ,https://ukbusinessportal.co.uk/wp-content/uploads/2025/03/raz.png.webp,https://ukbusinessportal.co.uk/business/raz-private-hire/,2026-06-10 15:11:37,2026-06-10
Taxis,Midlands Airport Travel,https://airporttransferwolverhampton.co.uk/,01902 258271,bookings.midlandstravel@gmail.com,https://ukbusinessportal.co.uk/wp-content/uploads/2025/03/logo.png.webp,https://ukbusinessportal.co.uk/business/midlands-airport-travel/,2026-06-10 15:11:37,2026-06-10
Telecoms,Start Communications,https://www.startcomms.co.uk/,01444 719300,info@startcomms.co.uk ,https://ukbusinessportal.co.uk/wp-content/uploads/2024/03/start-primary-fullcolour-rgb-600.png.webp,https://ukbusinessportal.co.uk/business/start-communications/,2026-06-10 15:11:37,2026-06-10
Tree Surgeon,JWT Tree Services Ltd,https://www.jwt-trees.com/,01875 701 082,info@jwt-trees.com,https://ukbusinessportal.co.uk/wp-content/uploads/2026/06/jwt-tree-services-ltd.jpg,https://ukbusinessportal.co.uk/business/jwt-tree-services-ltd/,2026-06-10 15:11:37,2026-06-10
Tree Surgeon,Chigwell Tree Services,https://www.chigwelltreeservices.co.uk/,07543 364 253,contact@chigwelltreeservices.co.uk,https://ukbusinessportal.co.uk/wp-content/uploads/2024/11/434030324_389895040499683_232218766815146036_n.jpg,https://ukbusinessportal.co.uk/business/chigwell-tree-services/,2026-06-10 15:11:37,2026-06-10
Tree Surgeon,MJC Tree Care,https://www.mjctreecare.co.uk/,01480 531862,mjc.treecare@gmail.com,https://ukbusinessportal.co.uk/wp-content/uploads/2024/07/mjc-tree-care.jpg,https://ukbusinessportal.co.uk/business/mjc-tree-care/,2026-06-10 15:11:37,2026-06-10
Weddings,Petal’e Flower Boutique,https://www.petaleflowerboutique.com/,07963320999,info@petaleflowerboutique.com,https://ukbusinessportal.co.uk/wp-content/uploads/2026/02/petal-e-flower-boutique.png,https://ukbusinessportal.co.uk/business/petale-flower-boutique/,2026-06-10 15:11:37,2026-06-10
Weddings,Wave Staffing,https://www.wavestaffing.co.uk/,01865 416853,contact@wavestaffing.co.uk,https://ukbusinessportal.co.uk/wp-content/uploads/2025/12/wave-staffing-logo.png,https://ukbusinessportal.co.uk/business/wave-staffing/,2026-06-10 15:11:37,2026-06-10
Weddings,High Billinghurst Farm,https://www.highbillinghurstfarm.com/,07712 185977,tom@highbillinghurstfarm.com,https://ukbusinessportal.co.uk/wp-content/uploads/2025/07/300777529_409119091312607_1086733122227493077_n.jpg,https://ukbusinessportal.co.uk/business/high-billinghurst-farm/,2026-06-10 15:11:37,2026-06-10
Weddings,Kris Soul Photography,https://www.krissoulphotography.co.uk/,07737 549830,kris.soulphotography@gmail.com,https://ukbusinessportal.co.uk/wp-content/uploads/2025/04/KrisSoulPhotography-ezgif.com-webp-to-jpg-converter.jpg,https://ukbusinessportal.co.uk/business/kris-soul-photography/,2026-06-10 15:11:37,2026-06-10
Weddings,McCourt Photography,https://mccourtphotography.co.uk/,07474 060688,jack@mccourtphotography.co.uk,https://ukbusinessportal.co.uk/wp-content/uploads/2025/04/McCourt-Photography-Logo.png,https://ukbusinessportal.co.uk/business/mccourt-photography/,2026-06-10 15:11:37,2026-06-10
Weddings,Fake Plastic Chairs,https://fakeplasticchairs.co.uk/,07923 487302,jack@fakeplasticchairs.co.uk,https://ukbusinessportal.co.uk/wp-content/uploads/2025/02/fake-plastic-chairs-logo.png,https://ukbusinessportal.co.uk/business/fake-plastic-chairs/,2026-06-10 15:11:37,2026-06-10
Weddings,Cyrus Mehta Photography,https://www.cyrusmehta.co.uk,07887 517 536,cyrus@cyrusmehta.co.uk,https://ukbusinessportal.co.uk/wp-content/uploads/2024/08/Cyrus-Mehta-Photography-logo-e1722851582382.jpg,https://ukbusinessportal.co.uk/business/cyrus-mehta-photography/,2026-06-10 15:11:37,2026-06-10
Weddings,Naturally Rustic Weddings,https://www.naturallyrusticweddings.co.uk/,,sara@naturallyrusticweddings.co.uk,https://ukbusinessportal.co.uk/wp-content/uploads/2024/05/Naturally-Rustic-Weddings-Logo-.png,https://ukbusinessportal.co.uk/business/naturally-rustic-weddings/,2026-06-10 15:11:37,2026-06-10
